/*
SQLyog v10.2 
MySQL - 5.7.27 : Database - saas-export
*********************************************************************
*/

/*!40101 SET NAMES utf8 */;

/*!40101 SET SQL_MODE=''*/;

/*!40014 SET @OLD_UNIQUE_CHECKS=@@UNIQUE_CHECKS, UNIQUE_CHECKS=0 */;
/*!40014 SET @OLD_FOREIGN_KEY_CHECKS=@@FOREIGN_KEY_CHECKS, FOREIGN_KEY_CHECKS=0 */;
/*!40101 SET @OLD_SQL_MODE=@@SQL_MODE, SQL_MODE='NO_AUTO_VALUE_ON_ZERO' */;
/*!40111 SET @OLD_SQL_NOTES=@@SQL_NOTES, SQL_NOTES=0 */;
CREATE DATABASE /*!32312 IF NOT EXISTS*/`saas-export` /*!40100 DEFAULT CHARACTER SET utf8 */;

USE `saas-export`;

/*Table structure for table `co_contract` */

DROP TABLE IF EXISTS `co_contract`;

CREATE TABLE `co_contract` (
  `id` varchar(40) NOT NULL,
  `offeror` varchar(200) DEFAULT NULL,
  `contract_no` varchar(50) DEFAULT NULL,
  `signing_date` datetime DEFAULT NULL,
  `input_by` varchar(30) DEFAULT NULL,
  `check_by` varchar(30) DEFAULT NULL,
  `inspector` varchar(30) DEFAULT NULL,
  `total_amount` decimal(10,2) DEFAULT NULL,
  `crequest` varchar(255) DEFAULT NULL,
  `custom_name` varchar(200) DEFAULT NULL,
  `ship_time` datetime DEFAULT NULL,
  `import_num` decimal(11,0) DEFAULT NULL COMMENT '打印时标识几个星,对应说明中的内容\\r\\n            不能存储特殊字符星星，jstl判断失效',
  `delivery_period` datetime DEFAULT NULL,
  `old_state` int(11) DEFAULT NULL COMMENT '归档前状态, 方便回退',
  `out_state` int(11) DEFAULT NULL COMMENT '0未走货 1部分 2全部\\r\\n            \\r\\n            归档后, 其他选择合同的地方均去除.\\r\\n            表示合同已完成, 不论是否合同的货物是否全部真的走完, 因为有赔付等其他情况',
  `trade_terms` varchar(30) DEFAULT NULL,
  `print_style` char(1) DEFAULT NULL COMMENT '宽2:一页两个货物  窄1:一页一个货物',
  `remark` varchar(255) DEFAULT NULL,
  `state` int(11) DEFAULT NULL COMMENT '0草稿 1已上报待报运\\r\\n            \\r\\n            归档后, 其他选择合同的地方均去除.\\r\\n            表示合同已完成, 不论是否合同的货物是否全部真的走完, 因为有赔付等其他情况',
  `pro_num` int(11) DEFAULT '0' COMMENT '货物数量',
  `ext_num` int(11) DEFAULT '0' COMMENT '附件数量',
  `create_by` varchar(40) DEFAULT NULL,
  `create_dept` varchar(40) DEFAULT NULL,
  `create_time` datetime DEFAULT NULL,
  `update_by` varchar(40) DEFAULT NULL,
  `update_time` datetime DEFAULT NULL,
  `company_id` varchar(40) DEFAULT NULL,
  `company_name` varchar(40) DEFAULT NULL,
  PRIMARY KEY (`id`)
) ENGINE=InnoDB DEFAULT CHARSET=utf8;

/*Data for the table `co_contract` */

insert  into `co_contract`(`id`,`offeror`,`contract_no`,`signing_date`,`input_by`,`check_by`,`inspector`,`total_amount`,`crequest`,`custom_name`,`ship_time`,`import_num`,`delivery_period`,`old_state`,`out_state`,`trade_terms`,`print_style`,`remark`,`state`,`pro_num`,`ext_num`,`create_by`,`create_dept`,`create_time`,`update_by`,`update_time`,`company_id`,`company_name`) values ('2c90c5004ad63735014ad6d204060005','it黑马','合同号：B','2018-01-02 00:00:00','lw','lw','lw','96.00','lw','客户名称B','2015-01-11 00:00:00','3','2019-09-12 00:00:00',NULL,NULL,'FOB','2','lwlwlw',2,4,3,'e041f064-b115-4e19-b76e-b515d1fc1fa9','aeb1c7d3-9a54-4f73-b0ec-0325b83aef45','2015-01-11 10:28:15','002108e2-9a10-4510-9683-8d8fd1d374ef','2019-03-23 22:08:58','1','传智播客教育股份有限公司'),('342ad298-3ca4-4ee2-bb0f-e18463a15af8','5','5','2019-08-06 00:00:00','5','5','5','0.00','5','5','2019-08-06 00:00:00','3','2019-09-19 00:00:00',NULL,NULL,'5','5','5\r\n',0,0,0,NULL,NULL,NULL,NULL,NULL,'1','传智播客教育股份有限公司'),('4028817a3357462e0133591b86ec0002','陕西杰信商务发展有限公司','C/3817/11','2011-10-31 00:00:00','杨丽',NULL,'吕晓波','5932.80','★   产品与封样无明显差异，唛头、标签及包装质量务必符合公司要求。 ','BEAKIE LEE','2015-01-10 19:55:08','1','2019-09-17 11:07:25',NULL,NULL,NULL,'2',NULL,2,0,0,NULL,NULL,'2015-09-02 00:00:00',NULL,'2015-09-02 00:00:00','1',NULL),('4028817a3357462e01336cc0877b0010','陕西杰信商务发展有限公司','11JK1080','2011-11-04 00:00:00','杨丽',NULL,'吕晓波','2318.40','★   产品与封样无明显差异，唛头、标签及包装质量务必符合公司要求。 ',NULL,'2015-01-10 19:55:08','3','2019-09-16 00:00:00',NULL,NULL,NULL,'1','待样品确认后方可安排生产',2,0,0,NULL,NULL,'2015-09-02 00:00:00',NULL,'2015-09-02 00:00:00','1',NULL),('4028817a3357462e01336d3a0be10014','陕西杰信商务发展有限公司','11JK1078','2011-11-04 00:00:00','杨丽',NULL,'李春光','54060.00','★   产品与封样无明显差异，唛头、标签及包装质量务必符合公司要求。 ',NULL,'2015-01-10 19:55:08','3','2011-11-15 00:00:00',NULL,NULL,NULL,'2',NULL,0,0,0,NULL,NULL,'2015-09-02 00:00:00',NULL,'2015-09-02 00:00:00','1',NULL),('4028817a3357462e01336d523195001a','陕西杰信商务发展有限公司','C/3847/11','2011-12-02 00:00:00','杨丽',NULL,'李春光','39240.00','★   产品与封样无明显差异，唛头、标签及包装质量务必符合公司要求。 ','HOME','2015-01-10 19:55:08','3','2015-10-21 11:07:25',NULL,NULL,NULL,'2',NULL,2,9,0,NULL,NULL,'2015-09-02 00:00:00',NULL,'2015-09-02 00:00:00','1',NULL),('4028817a33812ffd0133813f25940001','陕西杰信商务发展有限公司','C/3861/11','2011-11-08 00:00:00','杨丽',NULL,'吕晓波','176238.00','★   产品与封样无明显差异，唛头、标签及包装质量务必符合公司要求。 ','HOME','2015-01-10 19:55:08','3','2012-01-10 00:00:00',NULL,NULL,NULL,'2',NULL,2,31,1,NULL,NULL,'2015-09-02 00:00:00',NULL,'2015-09-02 00:00:00','1',NULL),('4028817a33812ffd013382048ff80024','陕西杰信商务发展有限公司','11JK1082','2011-11-08 00:00:00','杨丽',NULL,'李春光','13656.00','★   产品与封样无明显差异，唛头、标签及包装质量务必符合公司要求。 ','MSA','2015-01-10 19:55:08','3','2011-12-30 00:00:00',NULL,NULL,NULL,'2',NULL,2,1,1,NULL,NULL,'2015-09-02 00:00:00',NULL,'2015-09-02 00:00:00','1',NULL),('4028817a33812ffd0133821a8eb5002b','陕西杰信商务发展有限公司','11JK1084','2011-11-08 00:00:00','杨丽',NULL,'李春光','10936.00','★   产品与封样无明显差异，唛头、标签及包装质量务必符合公司要求。 ','ONE WORLD','2015-01-10 19:55:08','3','2011-12-20 00:00:00',NULL,NULL,NULL,'2',NULL,2,4,0,NULL,NULL,'2015-09-02 00:00:00',NULL,'2015-09-02 00:00:00','1',NULL),('4028817a33d4f8b40133d9878e88000d','陕西杰信商务发展有限公司','11JK1070','2011-12-20 00:00:00','杨丽',NULL,NULL,'39248.20','★   产品与封样无明显差异，唛头、标签及包装质量务必符合公司要求。 ',NULL,'2015-01-10 19:55:08','3','2011-11-05 00:00:00',NULL,NULL,NULL,'2',NULL,2,10,1,NULL,NULL,'2015-09-02 00:00:00',NULL,'2015-09-02 00:00:00','1',NULL),('4028817a33d4f8b40133d991a50d0019','陕西杰信商务发展有限公司','11JK1066','2011-11-25 00:00:00','杨丽',NULL,'李春光','146184.00','★   产品与封样无明显差异，唛头、标签及包装质量务必符合公司要求。 ',NULL,'2015-01-10 19:55:08','3','2011-12-05 00:00:00',NULL,NULL,NULL,'2','待样品确认后方可安排生产',0,13,0,NULL,NULL,'2015-09-02 00:00:00',NULL,'2015-09-02 00:00:00','1',NULL),('4028817a33d4f8b40133d9bea39b002f','陕西杰信商务发展有限公司','11JK1060','2011-11-25 00:00:00','杨丽',NULL,NULL,'165572.00','★   产品与封样无明显差异，唛头、标签及包装质量务必符合公司要求。 ','COACH HOUSE','2015-01-10 19:55:08','3','2015-10-21 11:07:25',NULL,NULL,NULL,'2',NULL,0,12,1,NULL,NULL,'2015-09-02 00:00:00',NULL,'2015-09-02 00:00:00','1',NULL),('4028817a33fc4e280133fd81e7d7001d','陕西杰信商务发展有限公司','11JK1068','2011-10-14 00:00:00','杨丽',NULL,NULL,'103577.30','★   产品与封样无明显差异，唛头、标签及包装质量务必符合公司要求。 ','ELAD','2015-01-10 19:55:08','3','2015-10-21 11:07:25',NULL,NULL,NULL,'2',NULL,0,11,1,NULL,NULL,'2015-09-02 00:00:00',NULL,'2015-09-02 00:00:00','1',NULL),('4028817a33fc4e280133fd9f8b4e002f','陕西杰信商务发展有限公司','11JK1072','2011-12-20 00:00:00','杨丽',NULL,NULL,'100799.60','★   产品与封样无明显差异，唛头、标签及包装质量务必符合公司要求。 ','BRISSI','2015-01-10 19:55:08','3','2015-10-21 11:07:25',NULL,NULL,NULL,'2',NULL,2,13,1,NULL,NULL,'2015-09-02 00:00:00',NULL,'2015-09-02 00:00:00','1',NULL),('4028817a3420e78a013421a693730001','陕西杰信商务发展有限公司','C/4040/11','2011-12-09 00:00:00','杨丽',NULL,'李春光','123400.00','★   产品与封样无明显差异，唛头、标签及包装质量务必符合公司要求。 ','HOME','2015-01-10 19:55:08','1','2012-02-15 00:00:00',NULL,NULL,NULL,'2',NULL,2,29,1,NULL,NULL,'2015-09-02 00:00:00',NULL,'2015-09-02 00:00:00','1',NULL),('4028817a353b8d8e01353d15008d0046','陕西杰信商务发展有限公司','C/4104/11','2015-01-10 19:55:08','杨丽',NULL,NULL,'39753.00','★   产品与封样无明显差异，唛头、标签及包装质量务必符合公司要求。 ','HOME','2015-01-10 19:55:08','3','2015-01-10 19:55:08',NULL,NULL,'T/T','2',NULL,2,22,1,NULL,NULL,'2015-01-10 19:55:08',NULL,'2015-01-10 19:55:08','1',NULL),('4028828660b1cd900160b1cebb440000','ZBZ_59','ZBZ_59','2017-11-26 00:00:00','ZBZ_59','ZBZ_59','ZBZ_59','20.00','ZBZ_59','ZBZ_59','2017-09-19 00:00:00','3','2017-09-12 00:00:00',NULL,NULL,'FOB','2','ZBZ_59',2,1,0,NULL,NULL,'2018-01-01 21:00:03',NULL,'2018-01-01 21:00:03','1',NULL),('40288287616082eb0161608728560000','xiaoxiao001','xiaoxiao001','2018-02-15 00:00:00','xiaoxiao001','xiaoxiao001','xiaoxiao001','10.00','xiaoxiao001','xiaoxiao001','2018-02-26 00:00:00','3','2018-02-21 00:00:00',NULL,NULL,'FOB','2','xiaoxiao001',0,1,0,NULL,NULL,'2018-02-04 19:15:25',NULL,'2018-02-04 19:15:25','1',NULL),('40288287616082eb0161608805650001','xiaosan002','xiaosan002','2018-02-05 00:00:00','xiaosan002','xiaosan002','xiaosan002','30.00','xiaosan002','xiaosan002','2018-02-06 00:00:00','3','2018-02-06 00:00:00',NULL,NULL,'xiaosan002','2','xiaosan002',1,2,0,NULL,NULL,'2018-02-04 19:16:22',NULL,'2018-02-04 19:16:22','1',NULL),('40288287616a411e01616ab546270006','cy001','cy001','2018-02-05 00:00:00','cy001','cy001','cy001','251.00','cy001','cy001','2018-02-19 00:00:00','3','2018-02-19 00:00:00',NULL,NULL,'FOB','2','cy001',1,2,1,'7a02a732-f5b5-4a9e-8e40-2e04d0fc66e5','aeb1c7d3-9a54-4f73-b0ec-0325b83aef45','2018-02-06 18:42:00',NULL,'2018-02-06 18:42:00','1',NULL),('40288287616a411e01616ab60a0e0007','cy002','cy002','2018-02-05 00:00:00','cy002','cy002','cy002','0.00','cy002','cy002','2018-02-05 00:00:00','3','2018-02-12 00:00:00',NULL,NULL,'FOB','2','cy002',0,0,0,'10d29bc9-78c1-4831-a21a-4fcfea7d87ce','aeb1c7d3-9a54-4f73-b0ec-0325b83aef45','2018-02-06 18:42:50',NULL,'2018-02-06 18:42:50','1',NULL),('402895c2515129200151514376b80002','F','F','2015-01-10 19:55:08','F','F','F','121.00','F','F','2015-01-10 19:55:08','3','2015-01-10 19:55:08',NULL,NULL,'F','2','F',0,1,0,NULL,NULL,'2015-01-10 19:55:08',NULL,'2015-01-10 19:55:08','1',NULL),('402899d65088203101508831e1e60000','中华烟草集团','xx-01-xxx-02','2015-01-10 19:55:08','郭中华','郭中华','郭尔获','0.00',NULL,'xx','2015-10-20 00:00:00','3','2015-10-20 00:00:00',NULL,NULL,NULL,'2',NULL,NULL,0,0,NULL,NULL,'2015-10-21 10:19:41',NULL,'2015-10-21 10:19:41','1',NULL),('402899d650885c420150885d95cb0000','J2302','J2302','2015-10-21 10:19:41','J2302','J2302','J2302','1000.00','J2302','J2302','2015-10-21 10:19:41','3','2015-10-21 10:19:41',NULL,NULL,'FOB','2','J2302',0,1,0,'71a5a695-0ba5-4f0d-a0b5-0a304efde944','4028827c4fb6202a014fb6209c730000','2015-10-21 11:07:25',NULL,'2015-10-21 11:07:25','1',NULL),('402899d650885c420150885e918e0001','J24','J24','2015-10-21 11:07:25','J24','J24','J24','0.00','J24','J24','2015-10-21 11:07:25','3','2015-10-21 11:07:25',NULL,NULL,'T/T','2','J24',0,0,0,'424b2d01-d812-4f30-be40-dcda14110118','4028827c4fb6202a014fb6209c730000','2015-10-21 11:07:25',NULL,'2015-10-21 11:07:25','1',NULL),('4028a9bd515b2e8201515b3339860000','C1','C1','2015-10-21 11:07:25','C1','C1','C1','100.00','C1','C1','2015-10-21 11:07:25','3','2015-10-21 11:07:25',NULL,NULL,'T/T','2','C1',0,1,0,'5758571d-93c6-48f0-9e67-20a442779531','4028827c4fb645b0014fb64668550000','2015-12-01 09:41:02',NULL,'2015-10-21 11:07:25','1',NULL),('4028a9bd515b3be301515b3d676f0000','D1','D1','2015-10-21 11:07:25','D1','D1','D1','0.00','D1','D1','2015-10-21 11:07:25','3','2015-10-21 11:07:25',NULL,NULL,'L/C','2','D1',0,0,0,'6f9f16c8-827b-4cc8-9e20-210aa82d1fcf','4028827c4fb645b0014fb64668550000','2015-10-21 11:07:25',NULL,'2015-10-21 11:07:25','1',NULL),('4028d3cf567275410156734fb6480000','CS','CS','2016-08-01 00:00:00','CS','CS','CS','0.00','测试','CS','2016-08-29 00:00:00','3','2016-08-22 00:00:00',NULL,NULL,'FOB','2','测试',0,0,0,'e0de22fe-2c50-4216-ad75-ed0494d2dc92','4028827c4fb6202a014fb6209c730000','2016-08-10 15:16:59',NULL,'2016-08-10 15:16:59','1',NULL),('45bfb82a-36bb-4eec-9ad8-3a91f0a33af1','1','1','2019-08-06 00:00:00','1','1','1','0.00','1','1','2019-08-06 00:00:00','3','2019-08-06 00:00:00',NULL,NULL,'1','1','1',0,2,-3,NULL,NULL,NULL,NULL,NULL,'1','传智播客教育股份有限公司'),('8a7e81015acf673a015acf6dc97e0000','AOP05','AOP05','2017-03-13 00:00:00','AOP05','AOP05','AOP05','0.00','AOP05','AOP05','2017-02-28 00:00:00','3','2017-03-20 00:00:00',NULL,NULL,'FOB','2','AOP05',2,0,0,'6764e5a1-45e5-4229-a72a-7c5d72209b15','aeb1c7d3-9a54-4f73-b0ec-0325b83aef45','2017-03-15 08:46:03',NULL,'2017-03-15 08:46:03','1',NULL),('8a7e81ec5ac06f0d015ac06fbb850000','sz059','sz052','2017-02-27 00:00:00','sz053','sz058','sz054','1200.00','sz056','sz051','2017-02-28 00:00:00','3','2017-03-21 00:00:00',NULL,NULL,'FOB5','2','sz057',0,5,0,NULL,NULL,'2017-03-12 10:53:52',NULL,'2017-03-12 10:53:52','1',NULL),('8a7e840159aa01770159aa3625310001','OOP41','OOP41','2017-01-09 00:00:00','OOP41','OOP41','OOP41','0.00','OOP41','OOP41','2017-01-17 00:00:00','3','2019-09-14 00:00:00',NULL,NULL,'FOB','2','OOP41',0,0,0,'6424df15-963c-4218-8371-6ad000ef5a5a','aeb1c7d3-9a54-4f73-b0ec-0325b83aef45','2017-01-17 10:16:32',NULL,'2017-01-17 10:16:32','1',NULL),('8a7e840159aa01770159aa3a8ff70002','OOP4102','OOP4102','2017-01-18 00:00:00','OOP4102','OOP4102','OOP4102','0.00','OOP4102','OOP4102','2017-01-16 00:00:00','3','2017-01-23 00:00:00',NULL,NULL,'FOB','2','OOP4102',0,0,0,'6424df15-963c-4218-8371-6ad000ef5a5a','aeb1c7d3-9a54-4f73-b0ec-0325b83aef45','2017-01-17 10:21:21',NULL,'2017-01-17 10:21:21','1',NULL),('8a7e840159aa01770159aa3b43170003','AOP41','AOP41','2017-01-04 00:00:00','AOP41','AOP41','AOP41','0.00','AOP41','AOP41','2017-01-04 00:00:00','3','2017-01-24 00:00:00',NULL,NULL,'FOB','2','AOP41',0,0,0,'6764e5a1-45e5-4229-a72a-7c5d72209b15','aeb1c7d3-9a54-4f73-b0ec-0325b83aef45','2017-01-17 10:22:07',NULL,'2017-01-17 10:22:07','1',NULL),('8a7e84105823102a01582310fcd70000','FFFFB','FFFFB','2016-11-01 00:00:00','FFFFB','FFFFB','FFFFB','85.00','FFFFB','FFFFB','2016-11-03 00:00:00','3','2016-11-02 00:00:00',NULL,NULL,'FOB','2','FFFFB',0,1,8,NULL,NULL,'2016-11-02 11:24:25',NULL,'2016-11-02 11:24:25','1',NULL),('8a7e84175884728c0158848d37230000','OOP001','OOP001','2016-11-08 00:00:00','OOP001','OOP001','OOP001','0.00','OOP001','OOP001','2016-11-08 00:00:00','3','2016-11-28 00:00:00',NULL,NULL,'FOB','2','OOP001',0,0,0,NULL,NULL,'2016-11-21 09:43:17',NULL,'2016-11-21 09:43:17','1',NULL),('8a7e84175884728c0158848fffa50001','OOP002','OOP002','2016-11-08 00:00:00','OOP002','OOP002','OOP002','0.00','OOP002','OOP002','2016-11-01 00:00:00','3','2016-11-29 00:00:00',NULL,NULL,'FOB','2','OOP002',0,0,0,'6424df15-963c-4218-8371-6ad000ef5a5a','aeb1c7d3-9a54-4f73-b0ec-0325b83aef45','2016-11-21 09:46:19',NULL,'2016-11-21 09:46:19','1',NULL),('8a7e8419593ddcf901593e0b20ed0000','OOP232','OOP232','2016-12-12 00:00:00','OOP232','OOP232','OOP232','0.00','OOP232','OOP232','2016-12-12 00:00:00','3','2016-12-27 00:00:00',NULL,NULL,'FOB','2','OOP232',0,0,0,'6424df15-963c-4218-8371-6ad000ef5a5a','aeb1c7d3-9a54-4f73-b0ec-0325b83aef45','2016-12-27 10:10:33',NULL,'2016-12-27 10:10:33','1',NULL),('8a7e8419593e0df101593e0f81780000','OOP23201','OOP23201','2016-12-13 00:00:00','OOP23201','OOP23201','OOP23201','0.00','OOP23201','OOP23201','2016-12-14 00:00:00','3','2016-12-21 00:00:00',NULL,NULL,'FOB','2','OOP23201',0,0,0,'6424df15-963c-4218-8371-6ad000ef5a5a','aeb1c7d3-9a54-4f73-b0ec-0325b83aef45','2016-12-27 10:15:20',NULL,'2016-12-27 10:15:20','1',NULL),('8a7e8419593e0df101593e10341b0001','AOP232','AOP232','2016-12-13 00:00:00','AOP232','AOP232','AOP232','0.00','AOP232','AOP232','2016-12-06 00:00:00','3','2016-12-19 00:00:00',NULL,NULL,'FOB','2','AOP232',0,0,0,'6764e5a1-45e5-4229-a72a-7c5d72209b15','aeb1c7d3-9a54-4f73-b0ec-0325b83aef45','2016-12-27 10:16:06',NULL,'2016-12-27 10:16:06','1',NULL),('8a7e84215827fe1b015828058c360001','AOP','AOP','2016-11-22 00:00:00','AOP','AOPAOP','AOP','30.00','AOP','AOP','2016-11-08 00:00:00','3','2016-11-29 00:00:00',NULL,NULL,'L/C','2','AOP',0,2,0,'6764e5a1-45e5-4229-a72a-7c5d72209b15','aeb1c7d3-9a54-4f73-b0ec-0325b83aef45','2016-11-03 10:30:02',NULL,'2016-11-03 10:30:02','1',NULL),('8a7e845158dc48ec0158dc49ce140000','WWWW','C34543543','2016-12-20 00:00:00','YYYYY02','QQQQ','ZZZZ03','900.00','SSSS05','XXXX01','2016-12-13 00:00:00','3','2016-12-28 00:00:00',NULL,NULL,'FOB04','2','AAAAA',2,1,0,NULL,NULL,'2016-12-08 10:36:14',NULL,'2016-12-08 10:36:14','1',NULL),('8a7e845a58e13c3a0158e156b9210000','OOP003','OOP003','2016-12-05 00:00:00','OOP003','OOP003','OOP003','0.00','OOP003','OOP003','2016-12-05 00:00:00','3','2016-12-21 00:00:00',NULL,NULL,'FOB','2','OOP003',0,0,0,'6424df15-963c-4218-8371-6ad000ef5a5a','aeb1c7d3-9a54-4f73-b0ec-0325b83aef45','2016-12-09 10:08:26',NULL,'2016-12-09 10:08:26','1',NULL),('8a7e84fc587a6c8501587a6d3ed70000','JK359','JK352','2016-11-15 00:00:00','JK353','JK358','JK354','600.00','JK356','JK351','2016-11-15 00:00:00','3','2016-11-22 00:00:00',NULL,NULL,'FOB5','2','JK357',0,0,0,NULL,NULL,'2016-11-19 10:32:09',NULL,'2016-11-19 10:32:09','1',NULL),('D6E89C7A141B44219F16B6CA6791B64E','WWWW1','C345435431','2017-11-26 00:00:00','xiaosan001','xiaosan001','xiaosan001','0.00','aaaa','xiaosan001','2017-12-19 00:00:00','2','2018-01-22 00:00:00',NULL,NULL,'FOB','2','aaa',0,0,0,'002108e2-9a10-4510-9683-8d8fd1d374ef','4028827c4fb6202a014fb6209c730000','2019-03-23 22:04:44',NULL,'2019-03-23 22:04:44','1',NULL),('FC8A89AD11CD426BA7045A20F3E2E95A','12','2','2017-12-04 00:00:00','3','4','5','12.00','aaaa6','7','2018-01-22 00:00:00',NULL,'2018-01-22 00:00:00',NULL,NULL,'FOB','1','',1,2,2,'002108e2-9a10-4510-9683-8d8fd1d374ef','4028827c4fb6202a014fb6209c730000','2019-03-23 22:07:56','002108e2-9a10-4510-9683-8d8fd1d374ef','2019-03-23 22:08:13','1',NULL),('ff8080816077bbb3016077bd30b10000','WWWW17','C34543543122','2017-11-26 00:00:00','YYYYY02123','QQQQ18','ZZZZ03124','65.00','asas6','XXXX01111','2017-12-19 00:00:00','3','2017-12-27 00:00:00',NULL,NULL,'FOB0415','1','asas9',2,3,1,NULL,NULL,'2017-12-21 14:22:55',NULL,'2017-12-21 14:22:55','1',NULL),('ff80808160bab4fa0160bb1b7a4a0007','bj002','bj002','2018-01-01 00:00:00','bj002','bj002','bj002','0.00','bj002','bj002','2018-01-29 00:00:00','3','2018-01-30 00:00:00',NULL,NULL,'FOB','2','bj002',0,0,0,'faa59d6e-2e04-4972-bd4f-fd946ba38b99','100101','2018-01-03 16:20:28',NULL,'2018-01-03 16:20:28','1',NULL),('ff80808160bab4fa0160bb1d6e760008','bj001','bj001','2018-01-10 00:00:00','bj001','bj001','bj001','10.00','bj001','bj001','2018-01-22 00:00:00','3','2018-01-23 00:00:00',NULL,NULL,'FOB','2','bj001',0,1,0,'6bbf3016-54ab-4ab2-b0d3-2d6622ac17eb','100101','2018-01-03 16:22:36',NULL,'2018-01-03 16:22:36','1',NULL),('ff80808160bab4fa0160bb1e01c50009','sy001','sy001','2018-01-02 00:00:00','sy001','sy001','sy001','0.00','sy001','sy001','2018-01-29 00:00:00','3','2018-01-29 00:00:00',NULL,NULL,'sy001','2','sy001',0,0,0,'84b4a1c0-fb52-4fd5-b410-5db1c933d146','100101101','2018-01-03 16:23:14',NULL,'2018-01-03 16:23:14','1',NULL);

/*Table structure for table `co_contract_product` */

DROP TABLE IF EXISTS `co_contract_product`;

CREATE TABLE `co_contract_product` (
  `id` varchar(40) NOT NULL,
  `contract_id` varchar(40) DEFAULT NULL,
  `factory_id` varchar(40) DEFAULT NULL,
  `factory_name` varchar(200) DEFAULT NULL COMMENT '冗余',
  `product_no` varchar(50) DEFAULT NULL,
  `product_image` varchar(200) DEFAULT NULL,
  `product_desc` varchar(255) DEFAULT NULL,
  `loading_rate` varchar(80) DEFAULT NULL COMMENT '报运：x/y',
  `box_num` decimal(11,0) DEFAULT NULL COMMENT '报运',
  `packing_unit` varchar(10) DEFAULT NULL COMMENT 'PCS/SETS',
  `cnumber` decimal(11,0) DEFAULT NULL,
  `out_number` decimal(11,0) DEFAULT NULL COMMENT '报运',
  `finished` decimal(11,0) DEFAULT NULL COMMENT '报运',
  `product_request` varchar(255) DEFAULT NULL,
  `price` decimal(10,2) DEFAULT NULL,
  `amount` decimal(10,2) DEFAULT NULL COMMENT '自动计算: 数量x单价',
  `order_no` decimal(11,0) DEFAULT NULL,
  `company_id` varchar(40) DEFAULT NULL,
  `company_name` varchar(40) DEFAULT NULL,
  PRIMARY KEY (`id`),
  KEY `SYS_C005432` (`contract_id`),
  KEY `SYS_C005433` (`factory_id`)
) ENGINE=InnoDB DEFAULT CHARSET=utf8;

/*Data for the table `co_contract_product` */

insert  into `co_contract_product`(`id`,`contract_id`,`factory_id`,`factory_name`,`product_no`,`product_image`,`product_desc`,`loading_rate`,`box_num`,`packing_unit`,`cnumber`,`out_number`,`finished`,`product_request`,`price`,`amount`,`order_no`,`company_id`,`company_name`) values ('12b64b67-c3b5-4933-9549-5fa65159150d','bbad9b14-5858-496e-94bd-dd102ecc471d','12','平遥远江','1','http://ptl0lgpv8.bkt.clouddn.com/A51A3A9DA159458B9E5791FC051B2D51_','1','1','1','PCS','1',NULL,NULL,'1','1.00','1.00','1','1','传智播客教育股份有限公司'),('297ef1745ac32223015ac322f1f50000','8a7e81ec5ac06f0d015ac06fbb850000','10','晶晨','1111','01.png','qq','1/2','5','SETS','10',NULL,NULL,'qq','20.00','200.00','11','1',NULL),('297ef1745ac32846015ac329327f0000','8a7e81ec5ac06f0d015ac06fbb850000','19','综艺花纸','111','03.png','11','1','30','SETS','30',NULL,NULL,'11','10.00','300.00','11','1',NULL),('297ef1745ac32ef0015ac331ba510000','8a7e81ec5ac06f0d015ac06fbb850000','12','平遥远江','111','05.png','111','1','10','SETS','10',NULL,NULL,'111','10.00','100.00','111','1',NULL),('298e679c-be87-4eed-9bb5-d21dc2fd1cc1','bbad9b14-5858-496e-94bd-dd102ecc471d','16','康达','1','http://ptl0lgpv8.bkt.clouddn.com/89F9CBA151B7423D9D90673E2FF92FEC_','1','1','1','SETS','1',NULL,NULL,'1','1.00','1.00','123','1','传智播客教育股份有限公司'),('34161ada-1442-4158-ba7b-88ab93fe7047','FC8A89AD11CD426BA7045A20F3E2E95A','15','南皮开发','3','http://ptl0lgpv8.bkt.clouddn.com/B31EB27B5E4D42AB828D3FD190D47AEB_','3','3','3','PCS','3',NULL,NULL,'3','3.00','9.00','3','1','传智播客教育股份有限公司'),('3dc7d88c-a219-4541-b5dd-54a7a29ee40c','2c90c5004ad63735014ad6d204060005','13','平遥鸿艺','1','http://${qiniu.rtValue}','1','1','1','PCS','1',NULL,NULL,'1','1.00','1.00','1','1',NULL),('4028817a3357462e0133592355750005','4028817a3357462e0133591b86ec0002','2','光华','2977','06.png','b5480a29-da8c-41e1-b91c-54a9fdb15834.png','全明料圆肚糖缸带盖子\\r\\n尺寸：16X36CM高    底径：','1','PCS','144','144','0',NULL,'17.00','2448.00','4','1',NULL),('4028817a3357462e0133592355750006','4028817a3357462e0133591b86ec0002','2','光华','2976','07.png','af417c8a-e44f-406e-b226-194d8a61df75.png','全明料糖缸带盖子\\r\\n尺寸\n\n：17.5X41CM高   底径：1','1','PCS','144','144','0',NULL,'17.00','2448.00','3','1',NULL),('4028817a3357462e01336cc0879b0011','4028817a3357462e01336cc0877b0010','3','会龙','JK1700011',NULL,'05702b8f-6bda-4bca-9c4d-f15c18f279eb.png','全明料方形黄油缸\\r\\n尺寸：罩子：7.3X8CM高   盘：6','24','PCS','504','504','0',NULL,'4.60','2318.40','1','1',NULL),('4028817a3357462e01336d3a0be10015','4028817a3357462e01336d3a0be10014','7','天顺','JK1014003','04.png','699176d9-c242-42d2-8661-9ce712bba97a.png','全明料盘子，烤鱼白花纸\\r\\n盘子直径：27CM\\r\\n2只/五层内','2','PCS','1200','1200','0',NULL,'7.50','9000.00','3','1',NULL),('4028817a3357462e01336d3a0be10016','4028817a3357462e01336d3a0be10014','1','宏艺','JK1014001','01.png','a2ffd39f-18d5-4a6b-89a2-bc91df4926f5.png','全明料大碗，烤鱼白花纸\\r\\n尺寸：23X11CM高\\r\\n1只/五','1','PCS','1000','1000','0',NULL,'16.50','16500.00','2','1',NULL),('4028817a3357462e01336d3a0be10018','4028817a3357462e01336d3a0be10014','1','宏艺','JK1014005','09.png','9ed4ab1e-d425-4b8d-beb3-1fa6dc63d1df.png','全明料低口杯，烤鱼白花纸\\r\\n尺寸：7.3X10.5CM高\\r\\n','4','PCS','1800','1800','0',NULL,'5.30','9540.00','4','1',NULL),('4028817a3357462e01336d3a0be10019','4028817a3357462e01336d3a0be10014','1','宏艺','JK1080766-3','03.png','21b5e24a-a58a-4a58-a705-1595faeec581.png','全明料低口杯，烤3种不同的白花纸\\r\\n尺寸：7.3X10.5C','3','PCS','1800','1800','0',NULL,'5.30','9540.00','1','1',NULL),('4028817a3357462e01336d523195001b','4028817a3357462e01336d523195001a','7','天顺','8708/6203',NULL,'1bab511c-4f4c-4de7-8b65-4ccdcd00a569.png','怪虫小碗，喷紫色，喷漆，喷珠光\\r\\n直径：18CM\\r\\n4只/内','4','PCS','600','600','0',NULL,'6.50','3900.00','1','1',NULL),('4028817a3357462e01336d5e8a59001c','4028817a3357462e01336d523195001a','7','天顺','9749/6525',NULL,'143a4aa8-894d-4226-a461-eac712567360.png','怪虫碗，喷绿色，喷漆，喷珠光\\r\\n直径：18CM\\r\\n4只/内盒','4','PCS','600','600','0',NULL,'6.50','3900.00','6','1',NULL),('4028817a3357462e01336d5e8a59001d','4028817a3357462e01336d523195001a','7','天顺','9226/6116',NULL,'fcf3f5a9-a405-4f33-abb9-f317c60f1453.png','海星盘，喷绿色，喷漆，喷珠光\\r\\n直径：31CM\\r\\n4只/内盒','4','PCS','408','408','0',NULL,'11.00','4488.00','3','1',NULL),('4028817a3357462e01336d5e8a59001e','4028817a3357462e01336d523195001a','7','天顺','9748/6115',NULL,'657ac46a-bd23-4a2d-9abe-c552a8fc3727.png','海星盘，喷蓝色，喷漆，喷珠光\\r\\n直径：31CM\\r\\n4只/内盒','4','PCS','408','408','0',NULL,'11.00','4488.00','5','1',NULL),('4028817a3357462e01336d5e8a59001f','4028817a3357462e01336d523195001a','7','天顺','9956/6308',NULL,'1ca7fc1c-aad2-4f1e-8c3b-9a1009e22c04.png','竹节碗，喷蓝色，喷漆，喷珠光\\r\\n直径：31CM\\r\\n4只/内盒','4','PCS','408','408','0',NULL,'11.50','4692.00','9','1',NULL),('4028817a3357462e01336d5e8a590020','4028817a3357462e01336d523195001a','7','天顺','9954/6309',NULL,'1e15e517-af2a-45c9-8c1e-1f1b592f5f79.png','竹节碗，喷绿色，喷漆，喷珠光\\r\\n直径：31CM\\r\\n4只/内盒','4','PCS','408','408','0',NULL,'11.50','4692.00','7','1',NULL),('4028817a3357462e01336d5e8a590021','4028817a3357462e01336d523195001a','7','天顺','8709/6204',NULL,'1a6770a7-033c-4b98-9e2a-60cd2a5081c3.png','怪虫小碗，喷蓝色，喷漆，喷珠光\\r\\n直径：18CM\\r\\n4只/内','4','PCS','600','600','0',NULL,'6.50','3900.00','2','1',NULL),('4028817a3357462e01336d5e8a590022','4028817a3357462e01336d523195001a','7','天顺','9955/6105',NULL,'15c6d6ad-3608-4d73-83f3-23f605123b90.png','竹节碗，喷紫色，喷漆，喷珠光\\r\\n直径：31CM\\r\\n4只/内盒','4','PCS','408','408','0',NULL,'11.50','4692.00','8','1',NULL),('4028817a3357462e01336d5e8a590023','4028817a3357462e01336d523195001a','7','天顺','9227/6092',NULL,'0ffed7a5-6fd6-4b36-9387-7108bb408fdf.png','海星盘，喷紫色，喷漆，喷珠光\\r\\n直径：30CM\\r\\n4只/内盒','4','PCS','408','408','0',NULL,'11.00','4488.00','4','1',NULL),('4028817a33812ffd0133813f25a30002','4028817a33812ffd0133813f25940001','4','精艺','4993','22.png','3feb6071-7835-48b6-beca-e54202221c3b.png','全明料死模风灯，电镀花银喷绿色 \\r\\n明料挺底\\r\\n尺寸：11.','1','PCS','300','300','0',NULL,'8.50','2550.00','1','1',NULL),('4028817a33812ffd0133813f25a30003','4028817a33812ffd0133813f25940001','4','精艺','4994','23.png','56ada31d-acfc-4261-b28d-8be65ba2a21e.png','全明料死模风灯，电镀花银喷蓝色\\r\\n明料挺底\\r\\n尺寸：11.5','1','PCS','300','300','0',NULL,'8.50','2550.00','2','1',NULL),('4028817a33812ffd0133813f25a30004','4028817a33812ffd0133813f25940001','4','精艺','4995','24.png','9eb0c66c-d682-4f19-b89a-1a4808da5456.png','全明料死模风灯，电镀花银喷紫色\\r\\n明料挺底\\r\\n尺寸：11.5','1','PCS','300','300','0',NULL,'8.50','2550.00','3','1',NULL),('4028817a33812ffd0133816aacc40005','4028817a33812ffd0133813f25940001','2','光华','9868','01.png','ba10c6b0-34b7-4911-a45c-cc282cf8072d.png','全明料喇叭底糖缸配盖子\\r\\n尺寸：16X40CM高\\r\\n1只/上','1','PCS','600','600','0',NULL,'16.00','9600.00','27','1',NULL),('4028817a33812ffd0133816aacc40006','4028817a33812ffd0133813f25940001','7','天顺','5099','14.png','d38c8874-e641-4c59-9f6d-eb07df231d44.png','全明料钻石蛋糕盘粘底座\\r\\n喷蓝色，喷漆\\r\\n尺寸：23X11.','1','PCS','300','300','0',NULL,'11.00','3300.00','9','1',NULL),('4028817a33812ffd0133816aacc40007','4028817a33812ffd0133813f25940001','4028817a33d4f8b40133d9989f5e0024','民鑫','5094','20.png','662d9320-a8b7-4957-8d73-\n\ne4560e12e0e7.png','全明料冰花风灯，粘电镀底座  \\r\\n尺寸：15.8X32CM高','1','PCS','300','300','0',NULL,'14.50','4350.00','7','1',NULL),('4028817a33812ffd0133816aacc40008','4028817a33812ffd0133813f25940001','2','光华','5189','02.png','a2a503a3-f0cd-49b4-b05c-8ea55ecbe2bf.png','全明料竖棱风灯，粘电镀底座\\r\\n底座由我司提供\\r\\n尺寸：20X','1','PCS','300','300','0',NULL,'14.00','4200.00','12','1',NULL),('4028817a33812ffd0133816aacc40009','4028817a33812ffd0133813f25940001','4','精艺','5331','25.png','1b211d97-1def-49c6-90a8-8097bbd07f68.png','全明料死模风灯，电镀花银喷绿色\\r\\n\\r\\n尺寸：17X23CM高','1','PCS','300','300','0',NULL,'11.50','3450.00','13','1',NULL),('4028817a33812ffd0133816aacc4000a','4028817a33812ffd0133813f25940001','4028817a33d4f8b40133d9989f5e0024','民鑫','5095','21.png','7b5d7395-40b4-45ad-9c42-\n\nc7050e232448.png','全明料冰花风灯，粘明料底座 \\r\\n尺寸：15.8X32CM高\\r','1','PCS','300','300','0',NULL,'14.00','4200.00','8','1',NULL),('4028817a33812ffd0133816aacd4000b','4028817a33812ffd0133813f25940001','2','光华','843MA','03.png','c0229e90-0a5b-438d-8b07-4acd238b142b.png','全明料喇叭底糖缸，带盖子\\r\\n盖子：10CMX10.3CM高','1','PCS','600','600','0',NULL,'16.00','9600.00','21','1',NULL),('4028817a33812ffd0133816aacd4000c','4028817a33812ffd0133813f25940001','4','精艺','4997','27.png','0fdad1e1-452c-4ae4-a354-49688bd41778.png','全明料死模风灯，电镀花银喷蓝色  \\r\\n明料挺底  \\r\\n尺寸：11','1','PCS','300','300','0',NULL,'10.50','3150.00','5','1',NULL),('4028817a33812ffd0133816aacd4000d','4028817a33812ffd0133813f25940001','4','精艺','4996','26.png','7ae6c20e-0f57-4fab-9e40-22d1a486e943.png','全明料死模风灯，电镀花银喷绿色\\r\\n明料挺底\\r\\n尺寸：11.5','1','PCS','300','300','0',NULL,'10.50','3150.00','4','1',NULL),('4028817a33812ffd0133816aacd4000e','4028817a33812ffd0133813f25940001','2','光华','600MA','05.png','958fe4fb-db40-4977-bf2e-2c2db29d65f3.png','全明料蛋糕盘+罩子,磨口抛光\\r\\n蛋糕罩子尺寸：17.5X15','1','PCS','600','600','0',NULL,'18.00','10800.00','17','1',NULL),('4028817a33812ffd0133816aacd4000f','4028817a33812ffd0133813f25940001','2','光华','602MA','06.png','624ab3d2-12f3-4dd8-b438-c03a3018b170.png','全明平光蛋糕盘+罩子,磨口抛光\\r\\n蛋糕罩子尺寸：17.5X1','1','PCS','600','600','0',NULL,'19.00','11400.00','18','1',NULL),('4028817a33812ffd0133816aacd40010','4028817a33812ffd0133813f25940001','2','光华','8759','07.png','f92f57f8-65de-42be-9814-bad100059d23.png','全明料竖棱糖缸配盖子\\r\\n尺寸：16.5X40CM高\\r\\n1只/','1','PCS','600','600','0',NULL,'15.00','9000.00','25','1',NULL),('4028817a33812ffd0133816aacd40011','4028817a33812ffd0133813f25940001','2','光华','6998','04.png','3be8121c-867d-4745-bebf-3844e6a05589.png','全明料蛋糕盘+蛋糕罩 \\r\\n盘子沿电镀，罩子上珠描白金。\\r\\n尺','1','PCS','300','300','0',NULL,'19.00','5700.00','20','1',NULL),('4028817a33812ffd0133816aacd40012','4028817a33812ffd0133813f25940001','2','光华','5118','08.png','635cdf31-8e48-45f3\n\n-886c-5fffd532175b.png','全明料蛋糕盘+罩子\\r\\n罩子上烤白金字母花纸（SWEETS)\\r','1','PCS','300','300','0',NULL,'16.00','4800.00','11','1',NULL),('4028817a33812ffd0133816aacd40013','4028817a33812ffd0133813f25940001','7','天顺','8708','15.png','39b3ac6f-fb30-4b37-8fff-a07fb88aef15.png','怪虫小碗，喷紫色，喷漆，喷珠光\\r\\n尺寸：18CX9CM高\\r\\n','1','PCS','600','600','0',NULL,'6.50','3900.00','23','1',NULL),('4028817a33812ffd0133816aacd40014','4028817a33812ffd0133813f25940001','4','精艺','5336','29.png','466ba3d1-94b5-44ca-92c9-98631bf3b92b.png','全明料死模风灯，电镀花银喷绿色  \\r\\n   \\r\\n尺寸：14.5X','1','PCS','300','300','0',NULL,'8.00','2400.00','14','1',NULL),('4028817a33812ffd0133816aacd40015','4028817a33812ffd0133813f25940001','4','精艺','5337','28.png','78ff069b-327e-488e-a629-b76bed0efb98.png','全明料死模风灯，电镀花银喷蓝色\\r\\n\\r\\n尺寸：14.5X20C','1','PCS','300','300','0',NULL,'8.00','2400.00','15','1',NULL),('4028817a33812ffd0133816aacd40016','4028817a33812ffd0133813f25940001','2','光华','603MA','09.png','ea12f8ba-afc1-4651-bc10-432c85fcb091.png','全明平光蛋糕盘+罩子,磨口抛光\\r\\n蛋糕罩子尺寸：17.5X1','1','PCS','600','600','0',NULL,'20.00','12000.00','19','1',NULL),('4028817a33812ffd0133816aacd40017','4028817a33812ffd0133813f25940001','2','光华','5117','10.png','4f7fdc19-c276-47da-aced-5cec4e02be08.png','全明料蛋糕盘+罩子\\r\\n罩上烤白金字母花纸（SWEETS)\\r\\n','1','PCS','300','300','0',NULL,'17.00','5100.00','10','1',NULL),('4028817a33812ffd0133816aacd40018','4028817a33812ffd0133813f25940001','4','精艺','5400','31.png','3b810117-19c6-446e-886f-d3b2fd5ba411.png','全明料死模风灯，电镀花银喷蓝色\\r\\n \\r\\n尺寸：17X23CM','1','PCS','300','300','0',NULL,'11.50','3450.00','16','1',NULL),('4028817a33812ffd0133816aacd40019','4028817a33812ffd0133813f25940001','4','精艺','4998','30.png','0c400655-fb24-4781-aae1-eaa30e31ad4c.png','全明料死模风灯，电镀花银喷紫色\\r\\n明料挺底\\r\\n尺寸：11.5','1','PCS','300','300','0',NULL,'10.50','3150.00','6','1',NULL),('4028817a33812ffd0133816aacd4001a','4028817a33812ffd0133813f25940001','2','光华','8760','11.png','2aaba753-e5d2-4c42-badf-cc16acf81d2b.png','全明料竖棱糖缸配盖子\\r\\n尺寸：16.5X51CM高\\r\\n\\r\\n1','1','PCS','600','600','0',NULL,'16.00','9600.00','26','1',NULL),('4028817a33812ffd0133816aacd4001b','4028817a33812ffd0133813f25940001','2','光华','844MA','12.png','6f6f097f-ae83-4ecb-80c6-ec1e93353985.png','全明料糖缸带盖子\\r\\n盖子：9.3X13.3CM高 壁厚3MM','1','PCS','600','600','0',NULL,'16.00','9600.00','22','1',NULL),('4028817a33812ffd0133816aacd4001c','4028817a33812ffd0133813f25940001','2','光华','9869','13.png','be81bc6b-610b-45fa-bb8b-5156d8de9d52.png','全明料喇叭底糖缸配盖子\\r\\n尺寸：19X40CM高\\r\\n1只/上','1','PCS','600','600','0',NULL,'16.00','9600.00','28','1',NULL),('4028817a33812ffd0133816aacd4001d','4028817a33812ffd0133813f25940001','7','天顺','8709','16.png','d33ee976-4d35-4990-ae41-eebee8989f5a.png','怪虫小碗，喷蓝色，喷漆，喷珠光\\r\\n尺寸：18CMX9CM高\\r','1','PCS','600','600','0',NULL,'6.50','3900.00','24','1',NULL),('4028817a33812ffd013382048ff80026','4028817a33812ffd013382048ff80024','1','宏艺','20-37-265/JK1050163',NULL,'e96667ee-d5e9-43d1-bac0-758593c56629.png','全明料蛋糕盘+罩子\\r\\n罩子烤蒙砂白花纸，花纸我司供\\r\\n尺寸：','1','PCS','1200','1200','0',NULL,'11.00','13200.00','2','1',NULL),('4028817a33812ffd0133821a8eb5002c','4028817a33812ffd0133821a8eb5002b','1','宏艺','JK110102',NULL,'e4df38d5-f0d9-4f91-99c6-240addaa36a3.png','全明料平光蛋糕罩配钻石盘子\\r\\n罩子上粘小鸟，小鸟和钻石盘我司','1','PCS','150','150','0',NULL,'32.00','4800.00','2','1',NULL),('4028817a33812ffd0133821a8eb5002d','4028817a33812ffd0133821a8eb5002b','1','宏艺','JK110101',NULL,'bfd61df4-61b5-492c-b11c-7d19b63f5cf1.png','全明料平光蛋糕罩配钻石盘子\\r\\n罩子上粘小鸟，小鸟和钻石盘我司','1','PCS','152','152','0',NULL,'22.00','3344.00','1','1',NULL),('4028817a33d4f8b40133d9878e88000e','4028817a33d4f8b40133d9878e88000d','13','平遥鸿艺','JK1060019/11990',NULL,NULL,'全明料密直棱低口杯\\r\\n尺寸：9X10.5CM高\\r\\n4只/五层','4','PCS','696','696','0',NULL,'5.00','3480.00','6','1',NULL),('4028817a33d4f8b40133d9878e88000f','4028817a33d4f8b40133d9878e88000d','13','平遥鸿艺','JK103134/11989',NULL,NULL,'全明料密直棱香槟杯\\r\\n尺寸：9X21CM高\\r\\n4只/五层内盒','4','PCS','832','832','0',NULL,'6.00','4992.00','7','1',NULL),('4028817a33d4f8b40133d9878e880010','4028817a33d4f8b40133d9878e88000d','1','宏艺','JK1050152/11306',NULL,NULL,'全明料酒杯，口部描1CM白金边\\r\\n尺寸：7X26CM高\\r\\n4','4','PCS','608','608','0',NULL,'8.50','5168.00','1','1',NULL),('4028817a33d4f8b40133d9878e880011','4028817a33d4f8b40133d9878e88000d','2','光华','JK103233/11301',NULL,NULL,'全明料糖缸配盖子，糖缸刻钻石描亮油\\r\\n尺寸：11X30.5C','1','PCS','12','12','0',NULL,'18.00','216.00','11','1',NULL),('4028817a33d4f8b40133d9878e880012','4028817a33d4f8b40133d9878e88000d','1','宏艺','JK1050068/11314',NULL,NULL,'全明料马丁尼，口部描1CM白金边\\r\\n尺寸：12X19CM高\\r','4','PCS','608','608','0',NULL,'11.20','6809.60','3','1',NULL),('4028817a33d4f8b40133d9878e880013','4028817a33d4f8b40133d9878e88000d','2','光华','JK1050317/12006',NULL,NULL,'全明料糖缸配盖子，糖缸刻交叉麦穗花\\r\\n尺寸：10.5X14C','1','PCS','168','168','0',NULL,'9.50','1596.00','9','1',NULL),('4028817a33d4f8b40133d9878e880015','4028817a33d4f8b40133d9878e88000d','2','光华','JK1050316/12005',NULL,'undefined','全明料糖缸配盖子，糖缸刻交叉麦穗花\\r\\n尺寸：15X15CM高','1','PCS','162','162','0',NULL,'12.50','2025.00','10','1',NULL),('4028817a33d4f8b40133d9878e880016','4028817a33d4f8b40133d9878e88000d','2','光华','JK1050201/12078',NULL,'undefined','全明料蛋糕罩配盘子，罩子上烤花纸\\r\\n罩子尺寸：15X11.5','1','PCS','204','204','0',NULL,'18.00','3672.00','4','1',NULL),('4028817a33d4f8b40133d9878e880017','4028817a33d4f8b40133d9878e88000d','1','宏艺','JK1050154/11308',NULL,'undefined','全明料香槟杯，口部描1CM白金边\\r\\n尺寸：5X29CM高\\r\\n','4','PCS','704','704','0',NULL,'7.50','5280.00','2','1',NULL),('4028817a33d4f8b40133d9878e880018','4028817a33d4f8b40133d9878e88000d','13','平遥鸿艺','JK103136/11988',NULL,'undefined','全明料密直棱酒杯，底厚要求5MM\\r\\n尺寸：9X17.5CM高','4','PCS','928','928','0',NULL,'6.30','5846.40','5','1',NULL),('4028817a33d4f8b40133d991a50d001a','4028817a33d4f8b40133d991a50d0019','ff808081301885760130189e47ca0013','文水志远','JK1040446/JK446',NULL,'undefined','全明料糖缸配盖子，普通底\\r\\n尺寸：16.5X50CM高\\r\\n1','1','PCS','600','600','0',NULL,'25.00','15000.00','7','1',NULL),('4028817a33d4f8b40133d991a50d001b','4028817a33d4f8b40133d991a50d0019','2','光华','JK1040364/JK364',NULL,'undefined','全明料糖缸配盖子\\r\\n尺寸：19X39CM高\\r\\n1只/上下保丽','1','PCS','600','600','0',NULL,'25.00','15000.00','6','1',NULL),('4028817a33d4f8b40133d991a50d001c','4028817a33d4f8b40133d991a50d0019','2','光华','JK1050316/JK316',NULL,'undefined','全明料糖缸，刻麦穗花不描亮油。\\r\\n盖子电镀，电镀我司安排。\\r','1','PCS','600','600','0',NULL,'12.00','7200.00','2','1',NULL),('4028817a33d4f8b40133d991a50d001d','4028817a33d4f8b40133d991a50d0019','1','宏艺','JK1050166/JK166',NULL,'undefined','全明料糖缸，刻花不描亮油。\\r\\n尺寸：12.5X26.5CM高','1','PCS','600','600','0',NULL,'16.00','9600.00','1','1',NULL),('4028817a33d4f8b40133d991a50d001e','4028817a33d4f8b40133d991a50d0019','4','精艺','JK103694/JK694',NULL,'undefined','套6全明料死模低口杯\\r\\n尺寸：8X12.5CM高\\r\\n1套/白','1','PCS','480','480','0',NULL,'24.00','11520.00','4','1',NULL),('4028817a33d4f8b40133d991a50d001f','4028817a33d4f8b40133d991a50d0019','ff808081301885760130189e47ca0013','文水志远','JK103956/JK956',NULL,'undefined','全明料蛋糕罩配盘子\\r\\n盘子我司安排\\r\\n罩子尺寸：33X14X','1','PCS','480','480','0',NULL,'27.00','12960.00','5','1',NULL),('4028817a33d4f8b40133d991a50d0020','4028817a33d4f8b40133d991a50d0019','4','精艺','JK103693/JK693',NULL,'undefined','套6全明料死模低口杯\\r\\n尺寸：7.3X10.5CM高\\r\\n1套','1','PCS','184','184','0',NULL,'21.00','3864.00','3','1',NULL),('4028817a33d4f8b40133d9be557b0029','4028817a33d4f8b40133d991a50d0019','9','华艺','J859101549/JK549',NULL,NULL,'全明料蛋糕盘\\r\\n尺寸：直径33.5CM\\r\\n2只/五层内盒  ','2','PCS','1200','1200','0',NULL,'10.00','12000.00','12','1',NULL),('4028817a33d4f8b40133d9be557b002a','4028817a33d4f8b40133d991a50d0019','4028817a33d4f8b40133d9989f5e0024','民鑫','JK1060338/JK338',NULL,NULL,'全明料机压直棱糖缸\\r\\n尺寸：15.5X15.5CM 高\\r\\n1','1','PCS','2400','2400','0',NULL,'7.15','17160.00','8','1',NULL),('4028817a33d4f8b40133d9be557b002b','4028817a33d4f8b40133d991a50d0019','9','华艺','JK103209/JK209',NULL,NULL,'全明料2层钻石蛋糕盘，配喷塑铁架\\r\\n铁架我司供\\r\\n大盘尺寸：','1','PCS','1200','1200','0',NULL,'13.00','15600.00','11','1',NULL),('4028817a33d4f8b40133d9be557b002c','4028817a33d4f8b40133d991a50d0019','9','华艺','JK1031007-LP/JK007/1',NULL,NULL,'全明料钻石蛋糕盘，粘底座\\r\\n尺寸：30X11.5CM高\\r\\n1','1','PCS','600','600','0',NULL,'10.50','6300.00','13','1',NULL),('4028817a33d4f8b40133d9be557b002d','4028817a33d4f8b40133d991a50d0019','1','宏艺','JK1050128/JK0128',NULL,NULL,'全明料三层糖缸，刻麦穗花\\r\\n尺寸：12X22.5CM\\r\\n1套','1','PCS','600','600','0',NULL,'18.50','11100.00','9','1',NULL),('4028817a33d4f8b40133d9be557b002e','4028817a33d4f8b40133d991a50d0019','2','光华','JK103176/JK176',NULL,NULL,'全明料糖缸，刻花，不带盖子\\r\\n尺寸：20X14.5CM高\\r\\n','1','PCS','480','480','0',NULL,'18.50','8880.00','10','1',NULL),('4028817a33d4f8b40133d9bea39b0030','4028817a33d4f8b40133d9bea39b002f','1','宏艺','JK1050806/JK032',NULL,'undefined','套6全明料香槟杯，电镀渐变色\\r\\n尺寸：5.7X25CM高\\r\\n','1','PCS','320','320','0',NULL,'31.80','10176.00','6','1',NULL),('4028817a33d4f8b40133d9bea39b0031','4028817a33d4f8b40133d9bea39b002f','4','精艺','JK045/JK1060426',NULL,'undefined','套6紫色碗明挺底香槟杯\\r\\n尺寸：8X17CM高\\r\\n1套/五层','1','PCS','240','240','0',NULL,'33.60','8064.00','9','1',NULL),('4028817a33d4f8b40133d9bea39b0032','4028817a33d4f8b40133d9bea39b002f','1','宏艺','JK1050807/JK033',NULL,'undefined','套6全明料酒杯，电镀渐变色\\r\\n尺寸：8X24CM高\\r\\n1套/','1','PCS','300','300','0',NULL,'34.80','10440.00','7','1',NULL),('4028817a33d4f8b40133d9bea39b0033','4028817a33d4f8b40133d9bea39b002f','4028817a33d4f8b40133d9989f5e0024','民鑫','JK040/JK1060338',NULL,'undefined','全明料机压竖棱糖缸\\r\\n尺寸：15.5X15.5CM\\r\\n1只/','1','PCS','3000','3000','0',NULL,'8.04','24120.00','3','1',NULL),('4028817a33d4f8b40133d9bea39b0034','4028817a33d4f8b40133d9bea39b002f','4','精艺','JK044/JK1060425',NULL,'undefined','套6紫色碗明挺底红酒杯\\r\\n尺寸：8X20CM高\\r\\n1套/五层','1','PCS','240','240','0',NULL,'34.80','8352.00','8','1',NULL),('4028817a33d4f8b40133d9bea39b0035','4028817a33d4f8b40133d9bea39b002f','1','宏艺','JK019/J859100824',NULL,'undefined','套4全明料酒杯，口部描2.5CM宽白金边\\r\\n尺寸：8.4X2','1','PCS','320','320','0',NULL,'58.00','18560.00','2','1',NULL),('4028817a33d4f8b40133d9bea39b0036','4028817a33d4f8b40133d9bea39b002f','1','宏艺','JK018/J859100826',NULL,'undefined','套4全明料香槟杯，口部描2.5CM宽白金边\\r\\n尺寸：4.7X','1','PCS','300','300','0',NULL,'40.00','12000.00','1','1',NULL),('4028817a33d4f8b40133d9bea39b0037','4028817a33d4f8b40133d9bea39b002f','3','会龙','JK041/JK1060339',NULL,'undefined','全明料蒙古包糖缸\\r\\n尺寸：9X11CM高\\r\\n1只/五层内盒 ','1','PCS','3000','3000','0',NULL,'4.00','12000.00','4','1',NULL),('4028817a33d4f8b40133d9bea39b0038','4028817a33d4f8b40133d9bea39b002f','1','宏艺','JK020/J859100825',NULL,'undefined','套4全明料马丁尼，口部描2.5CM白金边\\r\\n尺寸：11.8X','1','PCS','300','300','0',NULL,'70.00','21000.00','5','1',NULL),('4028817a33f7960d0133f8d912ba0005','4028817a33812ffd0133821a8eb5002b','9','华艺','JK110102',NULL,NULL,'全明料钻石盘子\\r\\n盘子尺寸：29.5X11.5CM\\r\\n安全包','1','PCS','150','150','0',NULL,'10.00','1500.00','3','1',NULL),('4028817a33f7960d0133f8d912ba0006','4028817a33812ffd0133821a8eb5002b','9','华艺','JK110101',NULL,NULL,'全明料钻石盘子\\r\\n盘子尺寸：23X11.5CM\\r\\n安全包装送','1','PCS','152','152','0',NULL,'8.50','1292.00','4','1',NULL),('4028817a33fc4e280133fcdb13f4000e','4028817a33d4f8b40133d9bea39b002f','1','宏艺','JK052/JK1070691',NULL,NULL,'套4全明料马丁尼\\r\\n尺寸：12.5X19.5CM高\\r\\n1套/','1','PCS','300','300','0',NULL,'30.00','9000.00','12','1',NULL),('4028817a33fc4e280133fcdb13f4000f','4028817a33d4f8b40133d9bea39b002f','5','汇越','JK050/JK1070690',NULL,NULL,'套4全明料白酒杯，钻石挺\\r\\n尺寸：8.6X23CM高\\r\\n1套','1','PCS','300','300','0',NULL,'23.20','6960.00','11','1',NULL),('4028817a33fc4e280133fcdb13f40010','4028817a33d4f8b40133d9bea39b002f','2','光华','JK046/JK1050201',NULL,NULL,'全明料蛋糕盘+罩子\\r\\n罩子上烤蒙砂白花纸\\r\\n距口部1CM处，','1','PCS','600','600','0',NULL,'19.00','11400.00','10','1',NULL),('4028817a33fc4e280133fd81e7d7001e','4028817a33fc4e280133fd81e7d7001d','2','光华','169280',NULL,NULL,'全明料蛋糕盘+罩子  \\r\\n距离罩子口部3CM烤字母花纸  \\r\\n','1','PCS','100','100','0',NULL,'32.00','3200.00','10','1',NULL),('4028817a33fc4e280133fd81e7d7001f','4028817a33fc4e280133fd81e7d7001d','1','宏艺','J859102682/113860',NULL,NULL,'全明料糖缸，烤字母白花纸\\r\\nSTORAGE ONLY\\r\\n尺寸','1','PCS','300','300','0',NULL,'16.00','4800.00','5','1',NULL),('4028817a33fc4e280133fd81e7d70020','4028817a33fc4e280133fd81e7d7001d','4','精艺','JK1080435',NULL,NULL,'全明料球形瓶子，刻花，描亮油\\r\\n\\r\\n尺寸:9.5X10.5C','1','PCS','1008','1008','0',NULL,'9.00','9072.00','4','1',NULL),('4028817a33fc4e280133fd81e7d70021','4028817a33fc4e280133fd81e7d7001d','2','光华','123540',NULL,NULL,'全明料蛋糕盘子+罩子\\r\\n罩子上烤字母（HIGH TEA）花纸','1','PCS','100','100','0',NULL,'22.00','2200.00','9','1',NULL),('4028817a33fc4e280133fd81e7d70022','4028817a33fc4e280133fd81e7d7001d','3','会龙','JK1052446/158080',NULL,NULL,'全明料酒壶，杯身烤白色字母花纸\\r\\n \\r\\n尺寸：7.8X22.','1','PCS','702','702','0',NULL,'16.50','11583.00','6','1',NULL),('4028817a33fc4e280133fd81e7d70023','4028817a33fc4e280133fd81e7d7001d','ff808081301885760130189e47ca0013','文水志远','62145',NULL,NULL,'全明料蛋糕罩子\\r\\n\\r\\n尺寸：30.3X11.5X15CM\\r\\n','1','PCS','504','504','0',NULL,'27.00','13608.00','2','1',NULL),('4028817a33fc4e280133fd81e7d70024','4028817a33fc4e280133fd81e7d7001d','ff808081301885760130189e47ca0013','文水志远','62146/F-57',NULL,NULL,'全明料蛋糕罩子，刻麦穗花\\r\\n\\r\\n尺寸：30.3X11.5X1','1','PCS','504','504','0',NULL,'28.50','14364.00','3','1',NULL),('4028817a33fc4e280133fd81e7d70025','4028817a33fc4e280133fd81e7d7001d','ff808081301885760130189e47ca0013','文水志远','JKF081342/62180',NULL,NULL,'全明料蛋糕罩子+盘子\\r\\n盘子我司安排\\r\\n尺寸：30.3X11','1','PCS','652','652','0',NULL,'27.00','17604.00','1','1',NULL),('4028817a33fc4e280133fd81e7d70026','4028817a33fc4e280133fd81e7d7001d','1','宏艺','JK10501218/160380',NULL,NULL,'全明料糖缸带盖子，糖缸身上烤\\r\\n白色字母花纸\\r\\n尺寸：12.','1','PCS','600','600','0',NULL,'15.00','9000.00','8','1',NULL),('4028817a33fc4e280133fd81e7d70027','4028817a33fc4e280133fd81e7d7001d','1','宏艺','JK1040009/141760',NULL,NULL,'全明料三层糖缸，烤字母花纸\\r\\n花纸我司安排\\r\\n尺寸：16.5','1','PCS','300','300','0',NULL,'35.00','10500.00','7','1',NULL),('4028817a33fc4e280133fd89fcc00028','4028817a33fc4e280133fd81e7d7001d','7','天顺','JKF081342/62180',NULL,NULL,'全明料蛋糕盘配罩子\\r\\n罩子由文水志远厂提供\\r\\n尺寸：33X1','1','PCS','652','652','0',NULL,'10.40','6780.80','11','1',NULL),('4028817a33fc4e280133fd9f8b4e0030','4028817a33fc4e280133fd9f8b4e002f','15','南皮开发','JK1040158/12068',NULL,NULL,'明料灯宫细转棱蜡台\\r\\n\\r\\n尺寸：6X26CM高\\r\\n4只/三层','4','PCS','400','400','0',NULL,'9.70','3880.00','4','1',NULL),('4028817a33fc4e280133fd9f8b4e0031','4028817a33fc4e280133fd9f8b4e002f','2','光华','JK1050317/12006',NULL,NULL,'明料糖缸配明料盖子\\r\\n缸身刻交叉麦穗花\\r\\n尺寸：10.5X1','1','PCS','504','504','0',NULL,'9.50','4788.00','3','1',NULL),('4028817a33fc4e280133fd9f8b4e0032','4028817a33fc4e280133fd9f8b4e002f','2','光华','JK1050316/12005',NULL,NULL,'明料糖缸配明料盖子\\r\\n缸身刻交叉麦穗花\\r\\n尺寸：15X15C','1','PCS','348','348','0',NULL,'12.50','4350.00','2','1',NULL),('4028817a33fc4e280133fd9f8b4e0033','4028817a33fc4e280133fd9f8b4e002f','2','光华','JK103233/11301',NULL,NULL,'全明料糖缸刻钻石，描亮油\\r\\n尺寸：11X30.5CM高\\r\\n1','1','PCS','408','408','0',NULL,'18.00','7344.00','1','1',NULL),('4028817a33fc4e280133fdb370c00034','4028817a33812ffd0133813f25940001','7','天顺','9749','17.png','怪虫小碗喷绿色，喷漆','怪虫小碗喷绿色，喷漆，喷珠光\\r\\n尺寸：18X9CM高\\r\\n4只','4','PCS','304','304','0',NULL,'6.50','1976.00','29','1',NULL),('4028817a33fc4e280133fdb370cf0035','4028817a33812ffd0133813f25940001','7','天顺','9749','18.png',NULL,'怪虫小碗喷绿色，喷漆，喷珠光\\r\\n尺寸：18X9CM高\\r\\n4只','4','PCS','304','304','0',NULL,'6.50','1976.00','30','1',NULL),('4028817a33fc4e280133fdb370df0036','4028817a33812ffd0133813f25940001','7','天顺','9749','19.png',NULL,'怪虫小碗喷绿色，喷漆，喷珠光\\r\\n尺寸：18X9CM高\\r\\n4只','4','PCS','304','304','0',NULL,'6.50','1976.00','31','1',NULL),('4028817a33fc4e280133fde6504f0037','4028817a33fc4e280133fd9f8b4e002f','2','光华','JK1050201/12078',NULL,NULL,'全明料蛋糕罩配盘子,罩子上烤蒙砂白花纸\\r\\n盘子尺寸：16X1','1','PCS','402','402','0',NULL,'18.00','7236.00','5','1',NULL),('4028817a33fc4e280133fde6504f0038','4028817a33fc4e280133fd9f8b4e002f','13','平遥鸿艺','JK1050198/12860',NULL,NULL,'全明料酒杯，\\r\\n距口部1.5CM烤蒙砂白花纸\\r\\n尺寸：11X','4','PCS','400','400','0',NULL,'6.50','2600.00','7','1',NULL),('4028817a33fc4e280133fde6504f0039','4028817a33fc4e280133fd9f8b4e002f','2','光华','JK169340/13076',NULL,NULL,'全明料蛋糕罩配盘子，罩子上烤蒙砂白花纸    \\r\\n尺寸：25X2','1','PCS','200','200','0',NULL,'36.00','7200.00','8','1',NULL),('4028817a33fc4e280133fde6504f003a','4028817a33fc4e280133fd9f8b4e002f','ff808081301885760130189e47ca0013','文水志远','JK1400002/13077',NULL,NULL,'全明料竖棱酒壶，磨口抛光\\r\\n不可有碰口，棱要明显\\r\\n尺寸：1','1','PCS','1200','1200','0',NULL,'13.00','15600.00','9','1',NULL),('4028817a33fc4e280133fde6504f003b','4028817a33fc4e280133fd9f8b4e002f','15','南皮开发','JK5100005-F/13079',NULL,NULL,'全明料竖棱香槟杯\\r\\n尺寸：5.5X24.5CM高\\r\\n4只/三','4','PCS','1200','1200','0',NULL,'10.00','12000.00','11','1',NULL),('4028817a33fc4e280133fde6504f003c','4028817a33fc4e280133fd9f8b4e002f','13','平遥鸿艺','JK1050195/12859',NULL,NULL,'全明料香槟杯\\r\\n距口部1.5CM烤蒙砂白花纸\\r\\n尺寸：8X2','4','PCS','400','400','0',NULL,'6.00','2400.00','6','1',NULL),('4028817a33fc4e280133fde6504f003d','4028817a33fc4e280133fd9f8b4e002f','15','南皮开发','JK5100004/13078',NULL,NULL,'全明料直棱酒杯\\r\\n尺寸：9.5X18.5CM高\\r\\n4只/三层','4','PCS','1200','1200','0',NULL,'8.80','10560.00','10','1',NULL),('4028817a33fc4e280133fde6504f003e','4028817a33fc4e280133fd9f8b4e002f','15','南皮开发','JK5300006/13080',NULL,NULL,'全明料竖棱糖缸，盖子上带圆头\\r\\n尺寸：9X8CM高\\r\\n1只/','1','PCS','1200','1200','0',NULL,'8.50','10200.00','12','1',NULL),('4028817a33fc4e280133fde6504f003f','4028817a33fc4e280133fd9f8b4e002f','15','南皮开发','JK5300007/13081',NULL,NULL,'全明料竖棱糖缸，盖子上带圆头\\r\\n尺寸：9X12CM高\\r\\n1只','1','PCS','1200','1200','0',NULL,'9.80','11760.00','13','1',NULL),('4028817a3420e78a013421a693820002','4028817a3420e78a013421a693730001','4','精艺','4995',NULL,'c7801815-993e-43f0-8ac5-d5d788f34e74.png','全明料死模风灯，电镀花银喷紫色\\r\\n明料挺底，电镀喷色我司安排','1','PCS','300','300','1',NULL,'8.50','2550.00','3','1',NULL),('4028817a3420e78a013421a693820003','4028817a3420e78a013421a693730001','4','精艺','4994',NULL,'ae3e208e-8037-41dc-89d3-6727d1403c4c.png','全明料死模风灯，电镀花银喷浅海蓝\\r\\n明料挺底,电镀喷色我司安','1','PCS','300','300','1',NULL,'8.50','2550.00','2','1',NULL),('4028817a3420e78a013421a693820004','4028817a3420e78a013421a693730001','4','精艺','4996',NULL,'09b2983e-67b1-4f42-b6ec-0efa99b90cae.png','全明料死模风灯，电镀花银喷浅绿色\\r\\n明料挺底，电镀喷色我司安','1','PCS','300','300','1',NULL,'10.50','3150.00','4','1',NULL),('4028817a3420e78a013421a693820005','4028817a3420e78a013421a693730001','2','光华','5118',NULL,'d2f2ab57-ca50-43ff-87fd-9b6b38d14adc.png','全明料蛋糕盘+罩子  \\r\\n罩子上烤白金字母花纸（SWEETS)','1','PCS','300','300','1',NULL,'16.00','4800.00','14','1',NULL),('4028817a3420e78a013421a693820006','4028817a3420e78a013421a693730001','4','精艺','4993',NULL,'49a9221c-aa5d-42a6-997c-9671c69ebb96.png','全明料死模风灯，电镀花银喷浅绿色   \\r\\n明料挺底，电镀喷色我','1','PCS','300','300','1',NULL,'8.50','2550.00','1','1',NULL),('4028817a3420e78a013421a693820007','4028817a3420e78a013421a693730001','2','光华','5117',NULL,'94744a94-9215-425c-8d7c-e6c27b74d47a.png','全明料蛋糕盘+罩子  \\r\\n罩上烤白金字母花纸（SWEETS)  ','1','PCS','300','300','1',NULL,'17.00','5100.00','13','1',NULL),('4028817a3420e78a013421a693820008','4028817a3420e78a013421a693730001','4028817a33d4f8b40133d9989f5e0024','民鑫','5086',NULL,'f9c8b767-01c1-47a1-816c-4203c229f765.png','全明料冰花风灯，电镀花银喷绿色\\r\\n尺寸：12.5X20CM高','1','PCS','300','300','1',NULL,'13.00','3900.00','10','1',NULL),('4028817a3420e78a013421a693820009','4028817a3420e78a013421a693730001','1','宏艺','5190',NULL,'b0d362a3-2044-4bb8-ad61-0d6228e94110.png','全明料平光蛋糕罩配钻石盘子\\r\\n罩子上粘小鸟，小鸟和钻石盘我司','1','PCS','100','100','1',NULL,'22.00','2200.00','16','1',NULL),('4028817a3420e78a013421a69382000a','4028817a3420e78a013421a693730001','9','华艺','5190',NULL,'de8f61ab-0ce5-4e66-862f-acc66140d77f.png','全明料钻石蛋糕盘粘底座\\r\\n \\r\\n尺寸：23X11.5CM高\\r','1','PCS','100','100','1',NULL,'8.50','850.00','17','1',NULL),('4028817a3420e78a013421a69382000b','4028817a3420e78a013421a693730001','4028817a33d4f8b40133d9989f5e0024','民鑫','5084',NULL,'4afac9ad-6f75-4186-95e2-0f3c992fd0a8.png','全明料冰花风灯，电镀花银喷蓝色\\r\\n尺寸：10X17.5CM高','1','PCS','300','300','1',NULL,'11.50','3450.00','8','1',NULL),('4028817a3420e78a013421a69382000c','4028817a3420e78a013421a693730001','4028817a33d4f8b40133d9989f5e0024','民鑫','5085',NULL,'11799ce4-7d8a-451b-8838-6b01f804b8ff.png','全明料冰花风灯，电镀花银喷紫色\\r\\n尺寸：10X17.5CM高','1','PCS','300','300','1',NULL,'11.50','3450.00','9','1',NULL),('4028817a3420e78a013421a69382000d','4028817a3420e78a013421a693730001','7','天顺','5144',NULL,'978f44fd-492c-4209-8b4a-6dd58539a14f.png','全明料钻石蛋糕盘粘底座\\r\\n喷绿色，喷漆，喷珠光\\r\\n尺寸：23','1','PCS','100','100','1',NULL,'11.00','1100.00','15','1',NULL),('4028817a3420e78a013421a69382000e','4028817a3420e78a013421a693730001','4','精艺','4998',NULL,'4c8991c6-227e-4c31-bcf7-539fd002cd12.png','全明料死模风灯，电镀花银喷紫色\\r\\n明料挺底,电镀喷色我司安排','1','PCS','300','300','1',NULL,'10.50','3150.00','6','1',NULL),('4028817a3420e78a013421a69382000f','4028817a3420e78a013421a693730001','4028817a33d4f8b40133d9989f5e0024','民鑫','5088',NULL,'9926bf89-1345-4082-aeeb-a3f94d0dcc40.png','全明料冰花风灯，电镀花银喷蓝色\\r\\n尺寸：12.5X20CM高','1','PCS','300','300','1',NULL,'13.00','3900.00','11','1',NULL),('4028817a3420e78a013421a693820010','4028817a3420e78a013421a693730001','4028817a33d4f8b40133d9989f5e0024','民鑫','5089',NULL,'22a26221-2c14-4ea4-b972-ebe9df1a27ab.png','全明料冰花风灯，电镀花银喷紫色\\r\\n尺寸：12.5X20CM高','1','PCS','300','300','1',NULL,'13.00','3900.00','12','1',NULL),('4028817a3420e78a013421a693920011','4028817a3420e78a013421a693730001','4','精艺','4997',NULL,'f62db940-2432-4a7d-946c-22e2ba184d37.png','全明料死模风灯，电镀花银喷浅海蓝\\r\\n明料挺底，电镀喷色我司安','1','PCS','300','300','1',NULL,'10.50','3150.00','5','1',NULL),('4028817a3420e78a013421a693920012','4028817a3420e78a013421a693730001','4028817a33d4f8b40133d9989f5e0024','民鑫','5083',NULL,'65fe2446-a833-483a-ad34-dc5da6a7e28a.png','全明料冰花风灯，电镀花银喷绿色\\r\\n尺寸：10X17.5CM高','1','PCS','300','300','1',NULL,'11.50','3450.00','7','1',NULL),('4028817a3420e78a013421d2e3fe0013','4028817a3420e78a013421a693730001','4','精艺','5336',NULL,'422bfb7c-ad4e-4098-8953-beca57d6259c.png','全明料死模风灯，电镀花银喷绿色  \\r\\n   \\r\\n尺寸：14.5X','1','PCS','300','300','1',NULL,'8.00','2400.00','20','1',NULL),('4028817a3420e78a013421d2e3fe0014','4028817a3420e78a013421a693730001','4','精艺','5331',NULL,'c09ea297-bb5f-47a0-b8a0-0b4419f6e138.png','全明料死模风灯，电镀花银喷绿色\\r\\n尺寸：17X23CM高\\r\\n','1','PCS','300','300','1',NULL,'11.50','3450.00','19','1',NULL),('4028817a3420e78a013421d2e3fe0015','4028817a3420e78a013421a693730001','9','华艺','5190',NULL,'aa3e7517-3227-41ff-b239-a5a6d5c00939.png','机压小鸟,表面要光滑\\r\\n\\r\\n安全包装送祁县宏艺厂\\r\\n请提供一','1','PCS','100','100','1',NULL,'2.40','240.00','18','1',NULL),('4028817a3420e78a013421e2e3c10016','4028817a3420e78a013421a693730001','4','精艺','5400',NULL,'f475d46e-733a-4220-8243-98ba76f09ddc.png','全明料死模风灯，电镀花银喷蓝色\\r\\n \\r\\n尺寸：17X23CM','1','PCS','300','300','1',NULL,'11.50','3450.00','22','1',NULL),('4028817a3420e78a013421e2e3c10017','4028817a3420e78a013421a693730001','7','天顺','9749',NULL,'3d52357d-71bf-4ac1-b7f0-38b640a2d349.png','怪虫小碗，喷绿色，喷漆，喷珠光\\r\\n\\r\\n尺寸:18X9CM高\\r','4','PCS','600','600','1',NULL,'6.50','3900.00','28','1',NULL),('4028817a3420e78a013421e2e3c10018','4028817a3420e78a013421a693730001','2','光华','8759',NULL,'c5f0d6c6-275f-4fb4-b468-a9be38f85f02.png','全明料糖缸带盖子\\r\\n尺寸：16.5X40CM高\\r\\n1只/上下','1','PCS','600','600','1',NULL,'15.00','9000.00','27','1',NULL),('4028817a3420e78a013421e2e3c10019','4028817a3420e78a013421a693730001','7','天顺','8709',NULL,'2720f819-b111-4aeb-b5e8-abc262dc5a7b.png','怪虫小碗，喷蓝色，喷漆，喷珠光\\r\\n \\r\\n尺寸：18X9CM高','4','PCS','600','600','1',NULL,'6.50','3900.00','26','1',NULL),('4028817a3420e78a013421e2e3c1001a','4028817a3420e78a013421a693730001','4','精艺','5337',NULL,'c2ff4999-1ea3-479d-8859-3302bb0e9d77.png','全明料死模风灯，电镀花银喷蓝色  \\r\\n  \\r\\n尺寸：14.5X2','1','PCS','300','300','1',NULL,'8.00','2400.00','21','1',NULL),('4028817a3420e78a013421e2e3c1001b','4028817a3420e78a013421a693730001','7','天顺','8708',NULL,'cd89d279-e040-4647-a89f-59bfee1d6db9.png','怪虫小碗，喷紫色，喷漆，喷珠光\\r\\n \\r\\n尺寸：18X9CM高','4','PCS','600','600','1',NULL,'6.50','3900.00','25','1',NULL),('4028817a3420e78a013421e2e3c1001c','4028817a3420e78a013421a693730001','2','光华','843MA',NULL,'6b4da997-ad8c-4101-90cb-1c554c356bb1.png','全明料喇叭底糖缸，带盖子  \\r\\n盖子：10CMX10.3CM高','1','PCS','600','600','1',NULL,'16.00','9600.00','23','1',NULL),('4028817a3420e78a013421e2e3c1001d','4028817a3420e78a013421a693730001','2','光华','844MA',NULL,'19dd24a2-4eb2-4273-a46a-229d28aeee85.png','全明料糖缸带盖子\\r\\n盖子：9.3X13.3CM高 壁厚3MM','1','PCS','600','600','1',NULL,'16.00','9600.00','24','1',NULL),('4028817a3420e78a013421e53b8c001e','4028817a3420e78a013421a693730001','2','光华','9868',NULL,'6bf2fdf5-6d7e-4147-b40c-6eddf95abcd8.png','全明料喇叭底糖缸配盖子\\r\\n尺寸：5-1/4\\\"X17\\\"H\\r\\n1','1','PCS','600','600','1',NULL,'16.00','9600.00','29','1',NULL),('4028817a353b8d8e01353d15008d0047','4028817a353b8d8e01353d15008d0046','4028817a33d4f8b40133d9989f5e0024','民鑫','5089',NULL,'2c991b9e-a14b-4f37-a2ca-5e7d01cba021.jpg','全明料冰花风灯，电镀花银喷紫色。\\r\\n尺寸:12.5*20 C','1','PCS','204','204','1',NULL,'13.00','2652.00','3','1',NULL),('4028817a353b8d8e01353d15008d0048','4028817a353b8d8e01353d15008d0046','4028817a33d4f8b40133d9989f5e0024','民鑫','5094',NULL,'7ae1ccaa-426b-4476-bc6a-28258d735fbd.jpg','全明料冰花风灯，粘电镀底座    \\r\\n尺寸：15.8X32CM','1','PCS','150','150','1',NULL,'14.50','2175.00','7','1',NULL),('4028817a353b8d8e01353d15008d0049','4028817a353b8d8e01353d15008d0046','4028817a33d4f8b40133d9989f5e0024','民鑫','5093',NULL,'796ec9af-d6bb-4511-a6c6-6d75bcc1f2e3.jpg','全明料冰花风灯粘电镀底座，   \\r\\n喷紫色，全喷，内电镀花银  ','1','PCS','102','102','1',NULL,'16.00','1632.00','6','1',NULL),('4028817a353b8d8e01353d15008d004a','4028817a353b8d8e01353d15008d0046','7','天顺','5099',NULL,'9586c248-7796-4f99-b648-f913e65250f3.jpg','全明料钻石蛋糕盘粘底座  \\r\\n喷蓝色，喷漆,喷珠光    \\r\\n尺寸','1','PCS','152','152','1',NULL,'11.00','1672.00','10','1',NULL),('4028817a353b8d8e01353d15008d004b','4028817a353b8d8e01353d15008d0046','7','天顺','5098',NULL,'bb0e509f-ccb0-44f4-8320-df18ff6ac880.jpg','全明料钻石蛋糕盘粘底座  \\r\\n喷紫色，喷漆,喷珠光    \\r\\n尺寸','1','PCS','152','152','1',NULL,'11.00','1672.00','9','1',NULL),('4028817a353b8d8e01353d15008d004c','4028817a353b8d8e01353d15008d0046','4028817a33d4f8b40133d9989f5e0024','民鑫','5090',NULL,'2ec05114-5c74-4211-b254-4d979218c05e.jpg','全明料冰花风灯粘电镀底座，   \\r\\n喷蓝色，全喷，内电镀花银  ','1','PCS','102','102','1',NULL,'16.00','1632.00','4','1',NULL),('4028817a353b8d8e01353d15008d004d','4028817a353b8d8e01353d15008d0046','4028817a33d4f8b40133d9989f5e0024','民鑫','5088',NULL,'9488192b-fb0f-4aa5-9e29-86de71d05675.jpg','全明料冰花风灯，电镀花银喷蓝色。\\r\\n尺寸:12.5*20 C','1','PCS','204','204','1',NULL,'13.00','2652.00','2','1',NULL),('4028817a353b8d8e01353d15008d004e','4028817a353b8d8e01353d15008d0046','4028817a33d4f8b40133d9989f5e0024','民鑫','5092',NULL,'289d254d-0f0d-4671-9376-d04cc36540d2.jpg','全明料冰花风灯粘电镀底座，   \\r\\n喷绿色，全喷，内电镀花银  ','1','PCS','102','102','1',NULL,'16.00','1632.00','5','1',NULL),('4028817a353b8d8e01353d15008d004f','4028817a353b8d8e01353d15008d0046','4028817a33d4f8b40133d9989f5e0024','民鑫','5095',NULL,'01349ede-bef9-4168-a346-e109e3111773.jpg','全明料冰花风灯，粘明料底座   \\r\\n尺寸：15.8X32CM高','1','PCS','150','150','1',NULL,'14.00','2100.00','8','1',NULL),('4028817a353b8d8e01353d15008d0050','4028817a353b8d8e01353d15008d0046','4028817a33d4f8b40133d9989f5e0024','民鑫','5086',NULL,'3c77a543-f2f2-4cf3-b173-8ef1d1a1f8be.jpg','全明料冰花风灯，电镀花银喷绿色。\\r\\n尺寸:12.5*20 C','1','PCS','204','204','1',NULL,'13.00','2652.00','1','1',NULL),('4028817a353b8d8e01353d32350d0051','4028817a353b8d8e01353d15008d0046','2','光华','5117',NULL,'aec0cd7f-795e-4c5f-b8c5-532b6479c4be.jpg','全明料蛋糕盘+罩子 \\r\\n罩上烤白金字母花纸（SWEETS)','1','PCS','100','100','1',NULL,'17.00','1700.00','11','1',NULL),('4028817a353b8d8e01353d32350d0052','4028817a353b8d8e01353d15008d0046','9','华艺','5191',NULL,'5a77aec3-1299-4b75-8ff4-5c7232d0a8c6.jpg','机压小鸟,表面要光滑    \\r\\n安全包装送祁县宏艺厂    \\r\\n请提','1','PCS','100','100','1',NULL,'2.40','240.00','19','1',NULL),('4028817a353b8d8e01353d32350d0053','4028817a353b8d8e01353d15008d0046','7','天顺','5144',NULL,'91d36961-2e9e-44cc-94ed-44ab4d6a24e4.jpg','全明料钻石蛋糕盘粘底座  \\r\\n喷绿色，喷漆，喷珠光    \\r\\n尺寸','1','PCS','152','152','1',NULL,'11.00','1672.00','13','1',NULL),('4028817a353b8d8e01353d32350d0054','4028817a353b8d8e01353d15008d0046','9','华艺','5191',NULL,'06191cc8-a932-4f7a-a951-eabbd4336f13.jpg','全明料钻石蛋糕盘粘底座  \\r\\n尺寸：29.5X11.5CM高  ','1','PCS','100','100','1',NULL,'10.00','1000.00','18','1',NULL),('4028817a353b8d8e01353d32350d0055','4028817a353b8d8e01353d15008d0046','2','光华','5118',NULL,'b76467e5-21b5-4102-8085-f0d14189e257.jpg','全明料蛋糕盘+罩子    \\r\\n罩子上烤白金字母花纸（SWEETS','1','PCS','152','152','1',NULL,'16.00','2432.00','12','1',NULL),('4028817a353b8d8e01353d32350d0056','4028817a353b8d8e01353d15008d0046','9','华艺','5190',NULL,'9a6203d7-01b0-4ebe-bc08-d390b5ecd46a.jpg','机压小鸟,表面要光滑    \\r\\n安全包装送祁县宏艺厂    \\r\\n请提','1','PCS','100','100','1',NULL,'2.40','240.00','16','1',NULL),('4028817a353b8d8e01353d32350d0057','4028817a353b8d8e01353d15008d0046','4','精艺','5337',NULL,'ecc411bc-b3ce-4175-9e96-17014661c601.jpg','全明料死模风灯，电镀花银喷蓝色  \\r\\n尺寸：14.5X20CM','1','PCS','156','156','1',NULL,'8.00','1248.00','22','1',NULL),('4028817a353b8d8e01353d32350d0058','4028817a353b8d8e01353d15008d0046','9','华艺','5190',NULL,'9196fdca-db89-42a3-99d8-6a168479344c.jpg','全明料钻石蛋糕盘粘底座  \\r\\n尺寸：23X11.5CM高  \\r','1','PCS','100','100','1',NULL,'8.50','850.00','15','1',NULL),('4028817a353b8d8e01353d32350d0059','4028817a353b8d8e01353d15008d0046','1','宏艺','5190',NULL,'a3c28393-5d85-4ab5-8f9b-c10d8becf945.jpg','全明料平光蛋糕罩配钻石盘子  \\r\\n罩子上粘小鸟，小鸟和钻石盘我','1','PCS','100','100','1',NULL,'22.00','2200.00','14','1',NULL),('4028817a353b8d8e01353d32350d005a','4028817a353b8d8e01353d15008d0046','4','精艺','5330',NULL,'75849bf7-f9a2-4f74-853e-baefef078d93.jpg','全明料死模风灯，电镀花银喷紫色  \\r\\n尺寸：14.5X20CM','1','PCS','156','156','1',NULL,'8.00','1248.00','20','1',NULL),('4028817a353b8d8e01353d32350d005b','4028817a353b8d8e01353d15008d0046','4','精艺','5336',NULL,'5fe32315-0fb6-4a84-bb82-61b27ef3a8e3.jpg','全明料死模风灯，电镀花银喷绿色  \\r\\n尺寸：14.5X20CM','1','PCS','156','156','1',NULL,'8.00','1248.00','21','1',NULL),('4028817a353b8d8e01353d32353c005c','4028817a353b8d8e01353d15008d0046','1','宏艺','5191',NULL,'135fbc3e-1c1d-4188-91e0-6a54cb0e2901.jpg','全明料平光蛋糕罩配钻石盘子  \\r\\n罩子上粘小鸟，小鸟和钻石盘我','1','PCS','100','100','1',NULL,'32.00','3200.00','17','1',NULL),('40288286607ea08c01607ea3d9500001','ff8080816077bbb3016077bd30b10000','1','升华','002','001.jpg','别睡啦','12','11','PCS','10',NULL,NULL,'快醒醒','5.00','50.00','16','1',NULL),('40288286607ea08c01607ea5567b0002','ff8080816077bbb3016077bd30b10000','10','晶晨','003','adssad',NULL,'1','1','PCS','1',NULL,NULL,NULL,'1.00','1.00','3','1',NULL),('40288286607ea08c01607ea6c1300003','ff8080816077bbb3016077bd30b10000','19','综艺花纸','005','002.jpg','hello ','1','111','PCS','2',NULL,NULL,'word','2.00','4.00','2','1',NULL),('4028828660b1cd900160b1cf41190001','4028828660b1cd900160b1cebb440000','10','晶晨','fj001','fj002,jpg','xxxx','11','11','PCS','2',NULL,NULL,'qqqq','10.00','20.00','1','1',NULL),('40288287616082eb01616092a3320002','40288287616082eb0161608728560000',NULL,'晶晨',NULL,NULL,NULL,NULL,NULL,NULL,NULL,NULL,NULL,NULL,'10.00','10.00','1','1',NULL),('4028828761609a96016160a204c80000','40288287616082eb0161608805650001','10','晶晨','1','fj002,jpg','阿斯顿','11','1','PCS','1',NULL,NULL,'阿斯顿','10.00','10.00','1','1',NULL),('4028828761609a96016160a2da5e0001','40288287616082eb0161608805650001','15','南皮开发',NULL,'fj002,jpg',NULL,NULL,NULL,NULL,'2',NULL,NULL,NULL,'10.00','20.00',NULL,'1',NULL),('402882876170403101617079e0540000','40288287616a411e01616ab546270006','12','平遥远江','001','fj002,jpg',NULL,'11','11','PCS','1',NULL,NULL,NULL,'10.00','10.00','1','1',NULL),('40288287617040310161707a154e0001','40288287616a411e01616ab546270006','12','平遥远江','fj001','fj002,jpg',NULL,'11','11','SETS','2',NULL,NULL,NULL,'5.00','10.00','1','1',NULL),('402895c25152201a015152215a930000','402895c2515129200151514376b80002','12','平遥远江','rrttrrttyyrree','11','柘城要柘城','11','11',NULL,'11',NULL,NULL,'11','11.00','121.00','11','1',NULL),('402899d650894b860150894cef8f0000','402899d650885c420150885d95cb0000','10','晶晨','rwtewr32432','02.png','货描','1/2','5','PCS','10',NULL,NULL,'要求','100.00','1000.00','2','1',NULL),('4028a9bd515b54c901515b5be9e40000','4028a9bd515b2e8201515b3339860000','1','升华','fdgfdgfd','01.png','货物描述','1/2','5','PCS','10',NULL,NULL,'要求','10.00','100.00','20','1',NULL),('42b8eaa7-c7d2-40e0-8727-e90cb209abae','2c90c5004ad63735014ad6d204060005','1','升华','xx001',NULL,'真的','10.0','2','PCS','1',NULL,NULL,'很不错','5.00','5.00',NULL,'1','传智播客教育股份有限公司'),('4740cccc-8c67-4810-94f5-97d58bb92073','C2C011E96CC3451DAD181AF3372CB80D','10','晶晨','fj001','http://pohq61v14.bkt.clouddn.com/96E8AE517C6643CABC1E4DA5DF35AD2E_logo.jpg','1','1','1','PCS','1',NULL,NULL,'1','1.00','1.00','1','1',NULL),('4a99e580-cf52-4b57-9b75-c50a491175a9','2c90c5004ad63735014ad6d204060005','15','南皮开发','货号002','http://${qiniu.rtValue}','xxx1','13','14','PCS','10',NULL,NULL,'xxx2','5.00','50.00','25','1',NULL),('707f1e1d-dc86-4a57-b702-85199f4c08fd','FC8A89AD11CD426BA7045A20F3E2E95A','12','平遥远江','1','http://ptl0lgpv8.bkt.clouddn.com/44BAF4A892654826B70FA2580C9857D7_','1','121','1','PCS','1',NULL,NULL,'','1.00','1.00','1','1','传智播客教育股份有限公司'),('80a92c46-37c9-473c-a4bf-3321e5db5f9c','bbad9b14-5858-496e-94bd-dd102ecc471d','1','升华','2','http://px3ni8nvc.bkt.clouddn.com/A9800D1F78B34BC6B7A8CAEF73A19198_20-27-13-b82e4851ly1fmn8tarzg0j20l40fudu0.jpg','1','2','1','PCS','2',NULL,NULL,'1','5.00','10.00','1','1','传智播客教育股份有限公司'),('8a7e81675ac532ff015ac53571c90001','8a7e81ec5ac06f0d015ac06fbb850000','3','会龙','CP1009','06.png','www','1/3','10','SETS','30',NULL,NULL,'www','10.00','300.00','345','1',NULL),('8a7e81675ac532ff015ac53d26d60003','8a7e81ec5ac06f0d015ac06fbb850000','4','精艺','CP1008','06.png','dsfdsf','1/3','10','SETS','30',NULL,NULL,'dfds','10.00','300.00','345','1',NULL),('8a7e81f06163e3d30161642eb7470001','ff80808160bab4fa0160bb1d6e760008','10','晶晨','001','adssad','xxx','11','11','PCS','1',NULL,NULL,'xxxx','10.00','10.00','111','1',NULL),('8a7e827260b51f700160b520f7bf0000','8a7e84215827fe1b015828058c360001','16','康达','001','fj002,jpg','fj002,jpgfj002,jpgfj002,jpg','11','11','PCS','2',NULL,NULL,'fj002,jpgfj002,jpgfj002,jpg','10.00','20.00','1','1',NULL),('8a7e827260b51f700160b523631e0001','8a7e84215827fe1b015828058c360001','10','晶晨','002','fj002,jpg','contractProductAction_tocreate','1','11','PCS','1',NULL,NULL,'contractProductAction_tocreate','10.00','10.00','1','1',NULL),('8a7e845158dc9da90158dc9f46be0000','8a7e845158dc48ec0158dc49ce140000','12','平遥远江','CP45454','01.png','erewr','1/2','10','SETS','30',NULL,NULL,'  要求 ','30.00','900.00','546','1',NULL),('9cb1e18f-727a-4b5d-bc34-5da3f4a1983a','afa09fe9-e1fd-4833-ac67-08dafe79047d',NULL,'升华','xx002',NULL,'真的','10.0','2','PCS','1',NULL,NULL,'很不错','5.00','5.00',NULL,'1','传智播客教育股份有限公司'),('9d05eda3-d02a-4eba-bb42-c468b749ff1a','afa09fe9-e1fd-4833-ac67-08dafe79047d',NULL,'升华','xx001',NULL,'真的','10.0','2','PCS','1',NULL,NULL,'很不错','5.00','5.00',NULL,'1','传智播客教育股份有限公司'),('a7faaef4-7478-49fd-b2fd-de821b1023e3','45bfb82a-36bb-4eec-9ad8-3a91f0a33af1','1','升华','1',NULL,'1','1','1','PCS','2',NULL,NULL,'1','5.00','10.00','1','1','传智播客教育股份有限公司'),('b07194dc-ae6d-4da5-b43c-05dae9f4587c','ddb325d9-d562-4a2d-b44e-f2efdd6e423f','1','升华','1','http://ptl0lgpv8.bkt.clouddn.com/C6693BE61A6E46A2800D03E9CE6241EF_333.png','1','1','1','PCS','1',NULL,NULL,'1','1.00','1.00','1','1','传智播客教育股份有限公司'),('b8319753-abef-4fb9-b72d-ca5b2a913461','2c90c5004ad63735014ad6d204060005','1','升华','xx002',NULL,'真的','10.0','2','PCS','1',NULL,NULL,'很不错','5.00','5.00',NULL,'1','传智播客教育股份有限公司'),('bb0bfdbe-3546-40d7-90c7-63d84c1cf813','C2C011E96CC3451DAD181AF3372CB80D','12','平遥远江','1','http://ptl0lgpv8.bkt.clouddn.com/87D68A0F7BFC4F36863B3AC222F3A35D_','1','1','1','PCS','1',NULL,NULL,'1','1.00','1.00','1','1','传智播客教育股份有限公司'),('d754b2dd-33ff-42ed-b20e-ca1a4bef788c','bbad9b14-5858-496e-94bd-dd102ecc471d','12','平遥远江','1','http://ptl0lgpv8.bkt.clouddn.com/BAF10D298CA04B7A86BCD8CF77087EAC_','1','1','1',NULL,'1',NULL,NULL,'1','61.00','61.00','1','1','传智播客教育股份有限公司'),('f8e3d8bc-4ba9-46c4-aac1-377ee57154ea','45bfb82a-36bb-4eec-9ad8-3a91f0a33af1','10','晶晨','1',NULL,'1','1','1','SETS','2',NULL,NULL,'1','5.00','10.00','1','1','传智播客教育股份有限公司'),('ff80808160b5b3460160b5b4d5500000','8a7e84105823102a01582310fcd70000','13','平遥鸿艺','001','fj002,jpg','cproductcproductcproduct',NULL,'11','PCS','1',NULL,NULL,'cproductcproductcproduct','10.00','10.00','1','1',NULL);

/*Table structure for table `co_export` */

DROP TABLE IF EXISTS `co_export`;

CREATE TABLE `co_export` (
  `id` varchar(40) NOT NULL,
  `input_date` datetime DEFAULT NULL,
  `contract_ids` varchar(200) DEFAULT NULL COMMENT 'ID集合串\\n            \\n            x,y,z',
  `customer_contract` varchar(200) DEFAULT NULL COMMENT '客户的合同号,可选择多个合同',
  `lcno` varchar(10) DEFAULT NULL COMMENT 'L/C T/T',
  `consignee` varchar(100) DEFAULT NULL,
  `marks` varchar(255) DEFAULT NULL,
  `shipment_port` varchar(100) DEFAULT NULL,
  `destination_port` varchar(100) DEFAULT NULL,
  `transport_mode` varchar(10) DEFAULT NULL COMMENT 'SEA/AIR',
  `price_condition` varchar(10) DEFAULT NULL COMMENT 'FBO/CIF',
  `remark` varchar(100) DEFAULT NULL,
  `box_nums` decimal(11,0) DEFAULT NULL COMMENT '冗余，为委托服务，一个报运的总箱数',
  `gross_weights` decimal(10,2) DEFAULT NULL COMMENT '冗余，为委托服务，一个报运的总毛重',
  `measurements` decimal(10,2) DEFAULT NULL,
  `state` decimal(11,0) DEFAULT NULL COMMENT '0-草稿 1-已上报 2-装箱 3-委托 4-发票 5-财务',
  `pro_num` int(11) DEFAULT NULL,
  `ext_num` int(11) DEFAULT NULL,
  `create_by` varchar(40) DEFAULT NULL,
  `create_dept` varchar(40) DEFAULT NULL,
  `create_time` datetime DEFAULT NULL,
  `company_id` varchar(40) DEFAULT NULL,
  `company_name` varchar(40) DEFAULT NULL,
  PRIMARY KEY (`id`)
) ENGINE=InnoDB DEFAULT CHARSET=utf8;

/*Data for the table `co_export` */

insert  into `co_export`(`id`,`input_date`,`contract_ids`,`customer_contract`,`lcno`,`consignee`,`marks`,`shipment_port`,`destination_port`,`transport_mode`,`price_condition`,`remark`,`box_nums`,`gross_weights`,`measurements`,`state`,`pro_num`,`ext_num`,`create_by`,`create_dept`,`create_time`,`company_id`,`company_name`) values ('18e8517d-395b-4613-b3d7-173d0632e4fc','2019-09-03 09:39:56','5d3d2222-7196-4e3f-b6f3-b4ade21e96fe,afa09fe9-e1fd-4833-ac67-08dafe79047d','1 4 ','6','6','6','6','6','6','6','报运成功','6','6.00','6.00','2',2,0,NULL,NULL,NULL,'1','传智播客教育股份有限公司'),('6237f78b-f870-48fc-8902-483e9637715b','2019-09-03 09:32:07','5d3d2222-7196-4e3f-b6f3-b4ade21e96fe,afa09fe9-e1fd-4833-ac67-08dafe79047d','1 4 ','5','5','5','5','5','5','5','5','5','5.00','5.00','0',2,0,NULL,NULL,NULL,'1','传智播客教育股份有限公司'),('75b0682f-899d-418b-9c9e-2aeb7dccc29b','2019-06-26 10:25:19','C2C011E96CC3451DAD181AF3372CB80D,FC8A89AD11CD426BA7045A20F3E2E95A','context 2 ','3','3','3','3','3','3','3','报运成功','3','3.00','3.00','2',4,3,NULL,NULL,'2019-06-26 10:25:19','1','传智播客教育股份有限公司'),('cd540030-a8af-457b-a109-a69e39c6194f','2019-09-03 08:58:32','5d3d2222-7196-4e3f-b6f3-b4ade21e96fe,afa09fe9-e1fd-4833-ac67-08dafe79047d','1 4 ','1','1','1','1','1','1','1','1','1','1.00','1.00','0',2,0,NULL,NULL,NULL,'1','传智播客教育股份有限公司');

/*Table structure for table `co_export_product` */

DROP TABLE IF EXISTS `co_export_product`;

CREATE TABLE `co_export_product` (
  `id` varchar(40) NOT NULL,
  `export_id` varchar(40) DEFAULT NULL,
  `factory_id` varchar(40) DEFAULT NULL,
  `product_no` varchar(50) DEFAULT NULL,
  `packing_unit` varchar(10) DEFAULT NULL COMMENT 'PCS/SETS',
  `cnumber` decimal(11,0) DEFAULT NULL,
  `box_num` decimal(11,0) DEFAULT NULL,
  `gross_weight` decimal(10,2) DEFAULT NULL,
  `net_weight` decimal(10,2) DEFAULT NULL,
  `size_length` decimal(10,2) DEFAULT NULL,
  `size_width` decimal(10,2) DEFAULT NULL,
  `size_height` decimal(10,2) DEFAULT NULL,
  `ex_price` decimal(10,2) DEFAULT NULL COMMENT 'sales confirmation 中的价格（手填）',
  `price` decimal(10,2) DEFAULT NULL,
  `tax` decimal(10,2) DEFAULT NULL COMMENT '收购单价=合同单价',
  `order_no` decimal(11,0) DEFAULT NULL,
  `company_id` varchar(40) DEFAULT NULL,
  `company_name` varchar(40) DEFAULT NULL,
  PRIMARY KEY (`id`),
  KEY `SYS_C005441` (`export_id`),
  KEY `SYS_C005442` (`factory_id`)
) ENGINE=InnoDB DEFAULT CHARSET=utf8;

/*Data for the table `co_export_product` */

insert  into `co_export_product`(`id`,`export_id`,`factory_id`,`product_no`,`packing_unit`,`cnumber`,`box_num`,`gross_weight`,`net_weight`,`size_length`,`size_width`,`size_height`,`ex_price`,`price`,`tax`,`order_no`,`company_id`,`company_name`) values ('0cb7a3f3-0662-4c4a-b6e0-342d1d213ef0','1ad23871-8db9-452e-b9be-a1c962b483f6',NULL,'xx001','PCS','1','2',NULL,NULL,NULL,NULL,NULL,NULL,'5.00',NULL,NULL,'1','传智播客教育股份有限公司'),('144d7fd4-0d9d-49a9-b169-c2ff803816c9','118f8845-c7b1-44dc-97df-4cac9285b057',NULL,'xx001','PCS','1','2',NULL,NULL,NULL,NULL,NULL,NULL,'5.00',NULL,NULL,'1','传智播客教育股份有限公司'),('244d6f00-2aca-4006-a85f-010f98c018ef','b1e62f30-9c19-4277-94ef-4c8730fa2735',NULL,'xx002','PCS','1','2',NULL,NULL,NULL,NULL,NULL,NULL,'5.00',NULL,NULL,'1','传智播客教育股份有限公司'),('324e9ffa-6326-4305-9a8d-896efef969d1','e2235893-eb6e-43f3-b889-21ec88673cd4',NULL,'xx002','PCS','1','2',NULL,NULL,NULL,NULL,NULL,NULL,'5.00',NULL,NULL,'1','传智播客教育股份有限公司'),('37b25071-1f5c-490c-8b4b-8b60c8abf33b','cf2a2391-4f7b-4eea-9917-e748b1deb29c',NULL,'xx001','PCS','1','2',NULL,NULL,NULL,NULL,NULL,NULL,'5.00',NULL,NULL,'1','传智播客教育股份有限公司'),('39f4643f-62d0-4a00-88e3-8599f1128067','75b0682f-899d-418b-9c9e-2aeb7dccc29b','12','1','PCS','1','1','4.00','5.00','5.00','5.00','5.00','10.00','1.00','10.40','1','1','传智播客教育股份有限公司'),('5ab281a0-4f1f-4f78-bc1e-24d1af96c4f5','8fc8883a-7381-40d8-a793-1b88e1fd9a62',NULL,'xx002','PCS','1','2',NULL,NULL,NULL,NULL,NULL,NULL,'5.00',NULL,NULL,'1','传智播客教育股份有限公司'),('637155c8-7553-4ad8-b8ca-0c412b6a212c','b1e62f30-9c19-4277-94ef-4c8730fa2735',NULL,'xx001','PCS','1','2',NULL,NULL,NULL,NULL,NULL,NULL,'5.00',NULL,NULL,'1','传智播客教育股份有限公司'),('63953e76-ea8e-4697-aff1-35720ede42a1','118f8845-c7b1-44dc-97df-4cac9285b057',NULL,'xx002','PCS','1','2',NULL,NULL,NULL,NULL,NULL,NULL,'5.00',NULL,NULL,'1','传智播客教育股份有限公司'),('70edc621-e950-4b81-9384-210f4c146fef','1ad23871-8db9-452e-b9be-a1c962b483f6',NULL,'xx002','PCS','1','2',NULL,NULL,NULL,NULL,NULL,NULL,'5.00',NULL,NULL,'1','传智播客教育股份有限公司'),('7ddce088-a195-4389-ab1f-2ae54bc29d34','cd540030-a8af-457b-a109-a69e39c6194f',NULL,'xx001','PCS','1','2',NULL,NULL,NULL,NULL,NULL,NULL,'5.00',NULL,NULL,'1','传智播客教育股份有限公司'),('83a6550c-01e3-48a2-8545-16897c008aeb','18e8517d-395b-4613-b3d7-173d0632e4fc',NULL,'xx001','PCS','2','2','6.00','6.00','6.00','6.00','6.00','6.00','5.00','10.40',NULL,'1','传智播客教育股份有限公司'),('84ccc5a1-ebd6-46de-a312-87e9e7a7de95','cf2a2391-4f7b-4eea-9917-e748b1deb29c',NULL,'xx002','PCS','1','2',NULL,NULL,NULL,NULL,NULL,NULL,'5.00',NULL,NULL,'1','传智播客教育股份有限公司'),('b0fffccb-9d6b-4014-b744-170fe9142b62','cd540030-a8af-457b-a109-a69e39c6194f',NULL,'xx002','PCS','1','2',NULL,NULL,NULL,NULL,NULL,NULL,'5.00',NULL,NULL,'1','传智播客教育股份有限公司'),('b2830c78-58e3-48d3-90d7-b0ad508fda4d','e2235893-eb6e-43f3-b889-21ec88673cd4',NULL,'xx001','PCS','1','2',NULL,NULL,NULL,NULL,NULL,NULL,'5.00',NULL,NULL,'1','传智播客教育股份有限公司'),('b3da2039-38f7-48e1-9490-d41e35550f72','4f0a0e67-0281-4988-a4a2-8c11c780ff68',NULL,'xx002','PCS','1','2',NULL,NULL,NULL,NULL,NULL,NULL,'5.00',NULL,NULL,'1','传智播客教育股份有限公司'),('b6f90476-1e92-4fea-bb59-e3cf405f2779','6237f78b-f870-48fc-8902-483e9637715b',NULL,'xx001','PCS','1','2',NULL,NULL,NULL,NULL,NULL,NULL,'5.00',NULL,NULL,'1','传智播客教育股份有限公司'),('bd7036f4-7119-485c-98fc-d9449fd386c0','8fc8883a-7381-40d8-a793-1b88e1fd9a62',NULL,'xx001','PCS','1','2',NULL,NULL,NULL,NULL,NULL,NULL,'5.00',NULL,NULL,'1','传智播客教育股份有限公司'),('cc48e1c0-9873-47b7-84f9-e71b2596f7b4','75b0682f-899d-418b-9c9e-2aeb7dccc29b','10','fj001','PCS','1','1',NULL,'5.00','5.00','5.00','5.00','10.00','1.00','10.80','1','1',NULL),('da925c87-3b79-414d-ae8c-2c79aed664f4','75b0682f-899d-418b-9c9e-2aeb7dccc29b','15','3','PCS','3','3',NULL,'6.00','6.00','6.00','6.00','10.00','3.00','11.20','3','1','传智播客教育股份有限公司'),('e57471d6-58d2-44a4-8063-e324d3b685bf','18e8517d-395b-4613-b3d7-173d0632e4fc',NULL,'xx002','PCS','2','2','6.00','6.00','6.00','6.00','6.00','6.00','5.00','10.80',NULL,'1','传智播客教育股份有限公司'),('e97b1d6b-9bc6-4a3b-b58c-49b366fa6bf7','75b0682f-899d-418b-9c9e-2aeb7dccc29b','12','1','PCS','1','1','7.00','7.00','7.00','7.00','7.00',NULL,'1.00','11.60','1','1','传智播客教育股份有限公司'),('eb8b1ecc-f622-4211-9326-df57df8b2256','4f0a0e67-0281-4988-a4a2-8c11c780ff68',NULL,'xx001','PCS','1','2',NULL,NULL,NULL,NULL,NULL,NULL,'5.00',NULL,NULL,'1','传智播客教育股份有限公司'),('fc3b95aa-0753-435b-9a74-ccc43265f371','6237f78b-f870-48fc-8902-483e9637715b',NULL,'xx002','PCS','1','2',NULL,NULL,NULL,NULL,NULL,NULL,'5.00',NULL,NULL,'1','传智播客教育股份有限公司');

/*Table structure for table `co_ext_cproduct` */

DROP TABLE IF EXISTS `co_ext_cproduct`;

CREATE TABLE `co_ext_cproduct` (
  `id` varchar(40) NOT NULL,
  `contract_product_id` varchar(40) DEFAULT NULL,
  `contract_id` varchar(40) DEFAULT NULL COMMENT '购销合同id',
  `factory_id` varchar(40) DEFAULT NULL,
  `factory_name` varchar(200) DEFAULT NULL,
  `product_no` varchar(50) DEFAULT NULL,
  `product_image` varchar(200) DEFAULT NULL,
  `product_desc` varchar(255) DEFAULT NULL,
  `packing_unit` varchar(10) DEFAULT NULL COMMENT 'PCS/SETS',
  `cnumber` decimal(11,0) DEFAULT NULL,
  `price` decimal(10,2) DEFAULT NULL,
  `amount` decimal(10,2) DEFAULT NULL COMMENT '自动计算: 数量x单价',
  `product_request` text,
  `order_no` decimal(11,0) DEFAULT NULL,
  `company_id` varchar(40) DEFAULT NULL,
  `company_name` varchar(40) DEFAULT NULL,
  PRIMARY KEY (`id`),
  KEY `SYS_C005445` (`contract_product_id`),
  KEY `SYS_C005446` (`factory_id`)
) ENGINE=InnoDB DEFAULT CHARSET=utf8;

/*Data for the table `co_ext_cproduct` */

insert  into `co_ext_cproduct`(`id`,`contract_product_id`,`contract_id`,`factory_id`,`factory_name`,`product_no`,`product_image`,`product_desc`,`packing_unit`,`cnumber`,`price`,`amount`,`product_request`,`order_no`,`company_id`,`company_name`) values ('12d79040-b289-4817-baba-276432622a77','','','4028817a33d4f8b40133d9989f5e0024','','1',NULL,'1','1','2','1.00','2.00','1','1','1','传智播客教育股份有限公司'),('238e78fd-4bdb-4381-bb63-8c1e425c0160','42b8eaa7-c7d2-40e0-8727-e90cb209abae','2c90c5004ad63735014ad6d204060005','4028817a33de41d80133e982a18a001c','太谷PVC','002','http://${qiniu.rtValue}','2','2','2','12.00','24.00','2','2',NULL,NULL),('33b947c7-8652-47c0-a52f-dd78277452a0','42b8eaa7-c7d2-40e0-8727-e90cb209abae','2c90c5004ad63735014ad6d204060005','4028817a389cc7b701389d1efd940001','宇虹包装厂','001','http://${qiniu.rtValue}','1','1','2','1.00','2.00','xxxxx','1',NULL,NULL),('3c0d31ea-8913-4865-8c0a-93f9d7c42d92','34161ada-1442-4158-ba7b-88ab93fe7047','FC8A89AD11CD426BA7045A20F3E2E95A','4028817a371a8d7f01372a74451f0068','铁架厂','1',NULL,'1','1','1','1.00','1.00','1','1','1','传智播客教育股份有限公司'),('4028817a3357462e013359291f640009','4028817a3357462e0133592355750006','4028817a3357462e0133591b86ec0002','16','康达','2976','undefined','彩盒，新菲林\\r\\n配明料糖缸带盖子\\r\\n彩盒尺寸：25.7X25.7X35.7CM','PCS','144','3.90','561.60','1.彩盒要求350克面纸；\\r\\n2.工厂待用安全包装，待我司运至工厂；\\r\\n3.工厂免费提供1%余量，以防划伤，破损；\\r\\n4.交期:2011年11月05日。','4',NULL,NULL),('4028817a3357462e013359291f64000a','4028817a3357462e0133592355750006','4028817a3357462e0133591b86ec0002','16','康达','2976','undefined','彩盒，新菲林\\r\\n配全明料糖缸带盖子\\r\\n彩盒尺寸：21.5X21.5X41CM','PCS','144','3.30','475.20','1.彩盒要求350克面纸；\\r\\n2.工厂待用安全包装，待我司运至工厂；\\r\\n3.工厂免费提供1%余量，以防划伤，破损；\\r\\n4.交期:2011年11月05日。','3',NULL,NULL),('4028817a33812ffd0133820c0a460029','4028817a33812ffd013382048ff80026','4028817a33812ffd013382048ff80024','19','综艺花纸','20-37-265/JK1050163','1af851ab-98ff-4227-ba39-1175dca33c6f.png','蒙砂白花纸\\r\\n配全明料蛋糕罩\\r\\n\\r\\n送祁县宏艺厂','PCS','1200','0.38','456.00','1.产品的颜色、造型、尺寸、重量务必同我司封样一致；\\r\\n2.工厂免费提供2% 余量，以防损耗，代用包装送至指定工厂；请在外包装上注明相对应的合同号及货号；\\r\\n3.交期:2011\n\n年12月05日；','2',NULL,NULL),('4028817a33d4f8b40133d994c45e0022','4028817a33d4f8b40133d9878e880016','4028817a33d4f8b40133d9878e88000d','19','综艺花纸','JK1050201/12078',NULL,'蒙砂白花纸\\r\\n烤在蛋糕罩上\\r\\n送祁县光华厂','PCS','204','0.80','163.20','1.产品的颜色、造型、尺寸、务必同我司提供的样稿一致；\\r\\n2.工厂免费提供2% 余量，以防损耗，代用包装送至指定工厂；请在外包装上注明相对应的合同号及货号；\\r\\n3.交\n\n期:2011年11月20日送指定工厂。','1',NULL,NULL),('4028817a33ecdbf70133edfc84d40001','4028817a3357462e01336d3a0be10018','4028817a3357462e01336d3a0be10014','19','综艺花纸','JK1014005','94d2d773-24b6-412e-b0e3-0fc9dddf0955.png','低温鱼花纸\\r\\n明料低口杯\\r\\n祁县宏艺厂','PCS','1800','1.20','2160.00','1.产品的颜色、造型、尺寸、务必同提供的样品一致；\\r\\n2.工厂免费提供2% 余量，以防损耗，代用包装送至指定工厂；请在外包装上注明相对应的合同号及货号；\\r\\n3.交期:2011年\n\n12月10；','4',NULL,NULL),('4028817a33ecdbf70133edfc84e40002','4028817a3357462e01336d3a0be10019','4028817a3357462e01336d3a0be10014','19','综艺花纸','JK1080766-3','29bb909d-d527-475d-bfbe-e5e05a02349c.png','套3白花纸\\r\\n\\r\\n送祁县宏艺厂','SETS','600','0.60','360.00','1.产品的颜色、造型、尺寸、务必同提供的样品一致；\\r\\n2.工厂免费提供2% 余量，以防损耗，代用包装送至指定工厂；请在外包装上注明相对应的合同号及货号；\\r\\n3.交期:2011年\n\n12月10；','1',NULL,NULL),('4028817a33ecdbf70133edfc84e40004','4028817a3357462e01336d3a0be10016','4028817a3357462e01336d3a0be10014','19','综艺花纸','JK1014001','7a3d341f-f473-44ce-9bd4-c7f2b87343ca.png','低温鱼花纸\\r\\n明料大碗\\r\\n送祁县宏艺厂','PCS','1000','2.40','2400.00','1.产品的颜色、造型、尺寸、务必同提供的样品一致；\\r\\n2.工厂免费提供2% 余量，以防损耗，代用包装送至指定工厂；请在外包装上注明相对应的合同号及货号；\\r\\n3.交期:2011年\n\n12月10；','2',NULL,NULL),('4028817a33ecdbf70133edfc84e40005','4028817a3357462e01336d3a0be10015','4028817a3357462e01336d3a0be10014','19','综艺花纸','JK1014003','73980c53-44f6-4232-8c04-9d08a66eeccb.png','低温鱼花纸\\r\\n明料盘子\\r\\n\\r\\n送祁县天顺厂','PCS','1200','3.80','4560.00','1.产品的颜色、造型、尺寸、务必同提供的样品一致；\\r\\n2.工厂免费提供2% 余量，以防损耗，代用包装送至指定工厂；请在外包装上注明相对应的合同号及货号；\\r\\n3.交期:2011年\n\n12月10；','3',NULL,NULL),('4028817a33fc4e280133fcdff5490011','4028817a33fc4e280133fcdb13f40010','4028817a33d4f8b40133d9bea39b002f','19','综艺花纸','JK046/JK1050201','undefined','蒙砂白花纸\\r\\n烤在蛋糕罩子上\\r\\n送祁县光华厂','PCS','600','0.80','480.00','1.产品的颜色、造型、尺寸、重量务必同我司封样一致；\\r\\n2.工厂免费提供2% 余量，以防损耗，代用包装送至指定工厂；请在外包装上注明相对应的合同号及货号；\\r\\n3.交期:2011\n\n年11月15日；','3',NULL,NULL),('4028817a33fc4e280133fcdff5490012','4028817a33d4f8b40133d9bea39b0032','4028817a33d4f8b40133d9bea39b002f','20','喜福来','JK1050807/JK033',NULL,'套6全明料酒杯\\r\\n杯碗电镀渐变色，挺底电镀\\r\\n尺寸：8X24CM高','SETS','300','21.00','6300.00','★   产品与封样无明显差异，唛头、标签及包装质量务必符合公司要求。 \\r\\n ★★  产品生产前期、中期、后期抽验率不得少于10%，质量和封样一致， \\r\\n       并将验货照片传\n\n回公司。 \\r\\n★★★ 重点客人的质量标准检验，产品抽验率不得少于50%，务必做到入箱前检查。 \\r\\n 交期：2011年12月15日/工厂。                          没有经过我司同意无故\n\n延期交货造成严重后果的，按照客人的相关要求处理。 \\r\\n 开票：出货后请将增值税发票、验货报告、合同复印件及出库单一并寄至我司，以便我司安排付款。','2',NULL,NULL),('4028817a33fc4e280133fcdff5490013','4028817a33d4f8b40133d9bea39b0030','4028817a33d4f8b40133d9bea39b002f','20','喜福来','JK1050806/JK032',NULL,'套6全明料香槟杯\\r\\n杯碗电镀渐变色，挺底电镀\\r\\n尺寸：5.7X25CM高','SETS','320','21.00','6720.00','★   产品与封样无明显差异，唛头、标签及包装质量务必符合公司要求。 \\r\\n ★★  产品生产前期、中期、后期抽验率不得少于10%，质量和封样一致， \\r\\n       并将验货照片传\n\n回公司。 \\r\\n★★★ 重点客人的质量标准检验，产品抽验率不得少于50%，务必做到入箱前检查。 \\r\\n 交期：2011年12月15日/工厂。                          没有经过我司同意无故\n\n延期交货造成严重后果的，按照客人的相关要求处理。 \\r\\n 开票：出货后请将增值税发票、验货报告、合同复印件及出库单一并寄至我司，以便我司安排付款。','1',NULL,NULL),('4028817a33fc4e280133fd906b0d0029','4028817a33fc4e280133fd81e7d70027','4028817a33fc4e280133fd81e7d7001d','19','综艺花纸','JK1040009/141760',NULL,'白色字母花纸 \\r\\n送祁县宏艺厂','PCS','300','0.90','270.00','1.产品的颜色、造型、尺寸、重量务必同我司封样一致；\\r\\n2.工厂免费提供2% 余量，以防损耗，代用包装送至指定工厂；请在外包装上注明相对应的合同号及货号；\\r\\n3.交期:2011\n\n年11月25日；','3',NULL,NULL),('4028817a33fc4e280133fd906b0d002a','4028817a33fc4e280133fd81e7d7001f','4028817a33fc4e280133fd81e7d7001d','19','综艺花纸','J859102682/113860',NULL,'白色字母花纸\\r\\nSTORAGE ONLY\\r\\n祁县宏艺厂','PCS','300','0.40','120.00','1.产品的颜色、造型、尺寸、重量务必同我司封样一致；\\r\\n2.工厂免费提供2% 余量，以防损耗，代用包装送至指定工厂；请在外包装上注明相对应的合同号及货号；\\r\\n3.交期:2011\n\n年11月25日；','1',NULL,NULL),('4028817a33fc4e280133fd906b0d002b','4028817a33fc4e280133fd81e7d70026','4028817a33fc4e280133fd81e7d7001d','19','综艺花纸','JK10501218/160380',NULL,'白\n\n色字母花纸 \\r\\n送祁县宏艺厂','PCS','600','0.40','240.00','1.产品的颜色、造型、尺寸、重量务必同我司封样一致；\\r\\n2.工厂免费提供2% 余量，以防损耗，代用包装送至指定工厂；请在外包装上注明相对应的合同号及货号；\\r\\n3.交期:2011\n\n年11月25日；','4',NULL,NULL),('4028817a33fc4e280133fd906b0d002c','4028817a33fc4e280133fd81e7d70021','4028817a33fc4e280133fd81e7d7001d','19','综艺花纸','123540',NULL,'白色字母花纸(HIGH TEA)\\r\\n字体：ENGLISH SCRIPT\\r\\n尺寸：18X5.5CM\\r\\n祁县光华厂','PCS','100','0.30','30.00','1.产品的颜色、造型、尺寸、重量务必同我司封样一致；\\r\\n2.工厂免费提供2% 余量，以防损耗，代用包装送至指定工厂；请在外包装上注明相对应的合同号及货号；\\r\\n3.交期:2011\n\n年11月25日；','5',NULL,NULL),('4028817a33fc4e280133fd906b0d002d','4028817a33fc4e280133fd81e7d70022','4028817a33fc4e280133fd81e7d7001d','19','综艺花纸','JK1052446/158080',NULL,'白色字母花纸\\r\\n\\r\\n \\r\\n祁县会龙厂','PCS','702','0.25','175.50','1.产品的颜色、造型、尺寸、重量务必同我司封样一致；\\r\\n2.工厂免费提供2% 余量，以防损耗，代用包装送至指定工厂；请在外包装上注明相对应的合同号及货号；\\r\\n3.交期:2011\n\n年11月25日；','2',NULL,NULL),('4028817a33fc4e280133fd906b0d002e','4028817a33fc4e280133fd81e7d7001e','4028817a33fc4e280133fd81e7d7001d','19','综艺花纸','169280','undefined','白色字母花纸(HIGH TEA)\\r\\n字体：ENGLISH SCRIPT\\r\\n尺寸：18X5.5CM\\r\\n祁县光华厂','PCS','100','0.30','30.00','1.产品的颜色、造型、尺寸、重量务必同我司封样一致；\\r\\n2.工厂免费提供2% 余量，以防损耗，代用包装送至指定工厂；请在外包装上注明相对应的合同号及货号；\\r\\n3.交期:2011\n\n年11月25日；','6',NULL,NULL),('4028817a33fc4e280133fded2e6d0040','4028817a33fc4e280133fde6504f0039','4028817a33fc4e280133fd9f8b4e002f','19','综艺花纸','JK169340/13076','undefined','蒙砂白花纸\\r\\n\\\"烤在蛋糕罩子上(25X26CM)\\r\\n\\\"\\r\\n祁县光华厂','PCS','200','1.02','204.00','1.产品的颜色、造型、尺寸、重量务必同我司封样一致；\\r\\n2.工厂免费提供2% 余量，以防损耗，代用包装送至指定工厂；请在外包装上注明相对应的合同号及货号；\\r\\n3.交期:2011\n\n年11月20日','4',NULL,NULL),('4028817a33fc4e280133fded2e6d0041','4028817a33fc4e280133fde6504f0038','4028817a33fc4e280133fd9f8b4e002f','19','综艺花纸','JK1050198/12860','undefined','蒙砂白花纸\\r\\n烤在红酒杯（11X19CM)上\\r\\n送平遥鸿艺','PCS','400','0.49','196.00','1.产品的颜色、造型、尺寸、重量务必同我司封样一致；\\r\\n2.工厂免费提供2% 余量，以防损耗，代用包装送至指定工厂；请在外包装上注明相对应的合同号及货号；\\r\\n3.交期:2011\n\n年11月20日','3',NULL,NULL),('4028817a33fc4e280133fded2e6d0042','4028817a33fc4e280133fde6504f003c','4028817a33fc4e280133fd9f8b4e002f','19','综艺花纸','JK1050195/12859','undefined','蒙砂白花纸\\r\\n烤在香槟杯(8X21CM)上\\r\\n送平遥鸿艺','PCS','400','0.40','160.00','1.产品的颜色、造型、尺寸、重量务必同我司封样一致；\\r\\n2.工厂免费提供2% 余量，以防损耗，代用包装送至指定工厂；请在外包装上注明相对应的合同号及货号；\\r\\n3.交期:2011\n\n年11月20日','2',NULL,NULL),('4028817a33fc4e280133fded2e6d0043','4028817a33fc4e280133fde6504f0037','4028817a33fc4e280133fd9f8b4e002f','19','综艺花纸','JK1050201/12078',NULL,'蒙砂白花纸\\r\\n烤在蛋糕罩子上\\r\\n祁县光华厂','PCS','402','0.80','321.60','1.产品的颜色、造型、尺寸、重量务必同我司封样一致；\\r\\n2.工厂免费提供2% 余量，以防损耗，代用包装送至指定工厂；请在外包装上注明相对应的合同号及货号；\\r\\n3.交期:2011\n\n年11月20日；','1',NULL,NULL),('4028817a343a5c9101343a6fd3200001','4028817a33812ffd0133816aacd40019','4028817a33812ffd0133813f25940001','22','瑞成','4998','undefined','全明料死模风灯 ，电镀花银喷紫色\\r\\n尺寸：11.5X30.5CM','PCS','300','1.70','510.00','★   产品与封样无明显差异，唛头、标签及包装质量务必符合公司要求。 \\r\\n ★★  产品生产前期、中期、后期抽验率不得少于10%，质量和封样一致， \\r\\n       并将验货照片传\n\n回公司。 \\r\\n★★★ 重点客人的质量标准检验，产品抽验率不得少于50%，务必做到入箱前检查。 \\r\\n 交期：2012年1月10日/工厂。\\r\\n       没有经过我司同意无故延期交货造成严重\n\n后果的，按照客人的相关要求处理。 \\r\\n 开票：出货后请将增值税发票、验货报告、合同复印件及出库单一并寄至我司，以便我司安排付款。','6',NULL,NULL),('4028817a343a5c9101343a6fd35f0002','4028817a33812ffd0133816aacd40017','4028817a33812ffd0133813f25940001','19','综艺花纸','5117','undefined','白金字母花纸\\r\\nSWEETS\\r\\n送祁县光华厂','PCS','300','3.00','900.00','1.产品的颜色、造型、尺寸、重量务必同我司封样一致；\\r\\n2.工厂免费提供2% 余量，以防损耗，代用包装送至指定工厂；请在外包装上注明相对应的合同号及货号；\\r\\n3.交期:2011\n\n年11月30日；','12',NULL,NULL),('4028817a343a5c9101343a6fd35f0003','4028817a33812ffd0133813f25a30002','4028817a33812ffd0133813f25940001','22','瑞成','4993',NULL,'全明料死模风灯，电镀花银喷绿色\\r\\n尺寸：11.5X20.3CM\\r\\n毛坯1月25日送','PCS','300','1.70','510.00','★   产品与封样无明显差异，唛头、标签及包装质量务必符合公司要求。 \\r\\n ★★  产品生产前期、中期、后期抽验率不得少于10%，质量和封样一致， \\r\\n       并将验货照片传\n\n回公司。 \\r\\n★★★ 重点客人的质量标准检验，产品抽验率不得少于50%，务必做到入箱前检查。 \\r\\n 交期：2012年1月10日/工厂。\\r\\n       没有经过我司同意无故延期交货造成严重\n\n后果的，按照客人的相关要求处理。 \\r\\n 开票：出货后请将增值税发票、验货报告、合同复印件及出库单一并寄至我司，以便我司安排付款。','1',NULL,NULL),('4028817a343a5c9101343a6fd35f0004','4028817a33812ffd0133816aacd40018','4028817a33812ffd0133813f25940001','22','瑞成','5400','undefined','全明料死模风灯，电镀花银喷蓝色\\r\\n尺寸：17X23CM高','PCS','300','3.50','1050.00','★   产品与封样无明显差异，唛头、标签及包装质量务必符合公司要求。 \\r\\n ★★  产品生产前期、中期、后期抽验率不得少于10%，质量和封样一致， \\r\\n       并将验货照片传\n\n回公司。 \\r\\n★★★ 重点客人的质量标准检验，产品抽验率不得少于50%，务必做到入箱前检查。 \\r\\n 交期：2012年1月10日/工厂。\\r\\n       没有经过我司同意无故延期交货造成严重\n\n后果的，按照客人的相关要求处理。 \\r\\n 开票：出货后请将增值税发票、验货报告、合同复印件及出库单一并寄至我司，以便我司安排付款。','10',NULL,NULL),('4028817a343a5c9101343a6fd35f0005','4028817a33812ffd0133816aacd4000d','4028817a33812ffd0133813f25940001','22','瑞成','4996','undefined','全明料死模风灯，电镀花银喷绿色\\r\\n尺寸：11.5X30.5CM高','PCS','300','1.70','510.00','★   产品与封样无明显差异，唛头、标签及包装质量务必符合公司要求。 \\r\\n ★★  产品生产前期、中期、后期抽验率不得少于10%，质量和封样一致， \\r\\n       并将验货照片传\n\n回公司。 \\r\\n★★★ 重点客人的质量标准检验，产品抽验率不得少于50%，务必做到入箱前检查。 \\r\\n 交期：2012年1月10日/工厂。\\r\\n       没有经过我司同意无故延期交货造成严重\n\n后果的，按照客人的相关要求处理。 \\r\\n 开票：出货后请将增值税发票、验货报告、合同复印件及出库单一并寄至我司，以便我司安排付款。','4',NULL,NULL),('4028817a343a5c9101343a6fd35f0006','4028817a33812ffd0133816aacd40014','4028817a33812ffd0133813f25940001','22','瑞成','5336',NULL,'全明料死模风灯，电镀花银喷绿色\\r\\n尺寸：14.5X20CM高','PCS','300','2.00','600.00','★   产品与封样无明显差异，唛头、标签及包装质量务必符合公司要求。 \\r\\n ★★  产品生产前期、中期、后期抽验率不得少于10%，质量和封样一致，\\r\\n       并将验货照片传回\n\n公司。 \\r\\n★★★ 重点客人的质量标准检验，产品抽验率不得少于50%，务必做到入箱前检查。 \\r\\n 交期：2012年1月10日/工厂。\\r\\n       没有经过我司同意无故延期交货造成严重后\n\n果的，按照客人的相关要求处理。 \\r\\n 开票：出货后请将增值税发票、验货报告、合同复印件及出库单一并寄至我司，以便我司安排付款。','8',NULL,NULL),('4028817a343a5c9101343a6fd35f0007','4028817a33812ffd0133813f25a30003','4028817a33812ffd0133813f25940001','22','瑞成','4994','undefined','全明料死模风灯，电镀花银喷蓝色\\r\\n尺寸：11.5X20.3CM高','PCS','300','1.70','510.00','★   产品与封样无明显差异，唛头、标签及包装质量务必符合公司要求。 \\r\\n ★★  产品生产前期、中期、后期抽验率不得少于10%，质量和封样一致， \\r\\n       并将验货照片传\n\n回公司。 \\r\\n★★★ 重点客人的质量标准检验，产品抽验率不得少于50%，务必做到入箱前检查。 \\r\\n 交期：2012年1月10日/工厂。\\r\\n       没有经过我司同意无故延期交货造成严重\n\n后果的，按照客人的相关要求处理。 \\r\\n 开票：出货后请将增值税发票、验货报告、合同复印件及出库单一并寄至我司，以便我司安排付款。','2',NULL,NULL),('4028817a343a5c9101343a6fd35f0008','4028817a33812ffd0133816aacd40011','4028817a33812ffd0133813f25940001','20','喜福来','6998',NULL,'全明料蛋糕盘，盘沿电镀\\r\\n尺寸：6-1/2\\\"X12-1/2\\\"高','PCS','300','6.00','1800.00','★   产品与封样无明显差异，唛头、标签及包装质量务必符合公司要求。 \\r\\n ★★  产品生产前期、中期、后期抽验率不得少于10%，质量和封样一致， \\r\\n       并将验货照片传\n\n回公司。 \\r\\n★★★ 重点客人的质量标准检验，产品抽验率不得少于50%，务必做到入箱前检查。 \\r\\n 交期：2012年1月10日/工厂。\\r\\n       没有经过我司同意无故延期交货造成严重\n\n后果的，按照客人的相关要求处理。 \\r\\n 开票：出货后请将增值税发票、验货报告、合同复印件及出库单一并寄至我司，以便我司安排付款。','11',NULL,NULL),('4028817a343a5c9101343a6fd35f0009','4028817a33812ffd0133816aacd4000c','4028817a33812ffd0133813f25940001','22','瑞成','4997',NULL,'全明料死模风灯，电镀花银喷蓝色\\r\\n尺寸：11.5X30.5CM高','PCS','300','1.70','510.00','★   产品与封样无明显差异，唛头、标签及包装质量务必符合公司要求。 \\r\\n ★★  产品生产前期、中期、后期抽验率不得少于10%，质量和封样一致， \\r\\n       并将验货照片传\n\n回公司。 \\r\\n★★★ 重点客人的质量标准检验，产品抽验率不得少于50%，务必做到入箱前检查。 \\r\\n 交期：2012年1月10日/工厂。\\r\\n       没有经过我司同意无故延期交货造成严重\n\n后果的，按照客人的相关要求处理。 \\r\\n 开票：出货后请将增值税发票、验货报告、合同复印件及出库单一并寄至我司，以便我司安排付款。','5',NULL,NULL),('4028817a343a5c9101343a6fd35f000a','4028817a33812ffd0133816aacd40012','4028817a33812ffd0133813f25940001','19','综艺花纸','5118','undefined','白金字母花纸\\r\\nSWEETS\\r\\n送祁县光华厂','PCS','600','3.00','1800.00','1.产品的颜色、造型、尺寸、重量务必同我司封样一致；\\r\\n2.工厂免费提供2% 余量，以防损耗，代用包装送至指定工厂；请在外包装上注明相对应的合同号及货号；\\r\\n3.交期:2011\n\n年11月30日；','13',NULL,NULL),('4028817a343a5c9101343a6fd35f000b','4028817a33812ffd0133816aacd40015','4028817a33812ffd0133813f25940001','22','瑞成','5337',NULL,'全明料死模风灯，电镀花银喷蓝色\\r\\n尺寸：14.5X20CM高','PCS','300','2.00','600.00','★   产品与封样无明显差异，唛头、标签及包装质量务必符合公司要求。 \\r\\n ★★  产品生产前期、中期、后期抽验率不得少于10%，质量和封样一致， \\r\\n       并将验货照片传\n\n回公司。 \\r\\n★★★ 重点客人的质量标准检验，产品抽验率不得少于50%，务必做到入箱前检查。 \\r\\n 交期：2012年1月10日/工厂。\\r\\n       没有经过我司同意无故延期交货造成严重\n\n后果的，按照客人的相关要求处理。 \\r\\n 开票：出货后请将增值税发票、验货报告、合同复印件及出库单一并寄至我司，以便我司安排付款。','9',NULL,NULL),('4028817a343a5c9101343a6fd35f000c','4028817a33812ffd0133816aacc40009','4028817a33812ffd0133813f25940001','22','瑞成','5331','undefined','全明料死模风灯，电镀花银喷绿色\\r\\n尺寸：17X23CM高','PCS','300','3.50','1050.00','★   产品与封样无明显差异，唛头、标签及包装质量务必符合公司要求。 \\r\\n ★★  产品生产前期、中期、后期抽验率不得少于10%，质量和封样一致， \\r\\n       并将验货照片传\n\n回公司。 \\r\\n★★★ 重点客人的质量标准检验，产品抽验率不得少于50%，务必做到入箱前检查。 \\r\\n 交期：2012年1月10日/工厂。\\r\\n       没有经过我司同意无故延期交货造成严重\n\n后果的，按照客人的相关要求处理。 \\r\\n 开票：出货后请将增值税发票、验货报告、合同复印件及出库单一并寄至我司，以便我司安排付款。','7',NULL,NULL),('4028817a343a5c9101343a6fd35f000d','4028817a33812ffd0133813f25a30004','4028817a33812ffd0133813f25940001','22','瑞成','4995','undefined','全明料死模风灯，电镀花银喷紫色\\r\\n尺寸：11.5X20.3CM','PCS','300','1.70','510.00','★   产品与封样无明显差异，唛头、标签及包装质量务必符合公司要求。 \\r\\n ★★  产品生产前期、中期、后期抽验率不得少于10%，质量和封样一致， \\r\\n       并将验货照片传\n\n回公司。 \\r\\n★★★ 重点客人的质量标准检验，产品抽验率不得少于50%，务必做到入箱前检查。 \\r\\n 交期：2012年1月10日/工厂。\\r\\n       没有经过我司同意无故延期交货造成严重\n\n后果的，按照客人的相关要求处理。 \\r\\n 开票：出货后请将增值税发票、验货报告、合同复印件及出库单一并寄至我司，以便我司安排付款。','3',NULL,NULL),('4028817a353b8d8e01353cad7b730023','4028817a3420e78a013421a693820007','4028817a3420e78a013421a693730001','19','综艺花纸','5117','undefined','白金字母花纸\\r\\nSWEETS\\r\\n送祁县光华厂','PCS','300','3.00','900.00','1.产品的颜色、造型、尺寸、重量务必同我司封样一致；\\r\\n2.工厂免费提供2% 余量，以防损耗，代用包装送至指定工厂；请在外包装上注明相对应的合同号及货号；\\r\\n3.交期:2012\n\n年1月15日。','11',NULL,NULL),('4028817a353b8d8e01353cad7b730024','4028817a3420e78a013421e2e3c1001a','4028817a3420e78a013421a693730001','4028817a33ecdbf70133ee202e49000b','瑞成电镀厂','5337','e877a4e2-2e48-4b06-91a8-3fb64f150a0f.jpg','全明料死模风灯，电镀花银喷蓝色      \\r\\n尺寸：14.5X20CM高      \\r\\n1只/五层内盒      12只/大箱      \\r\\n毛坯1月30日送','PCS','300','3.00','900.00','★   产品与封样无明显差异，唛头、标签及包装质量务必符合公司要求。 \\r\\n ★★  产品生产前期、中期、后期抽验率不得少于10%，质量和封样一致， \\r\\n       并将验货照片传\n\n回公司。 \\r\\n★★★ 重点客人的质量标准检验，产品抽验率不得少于50%，务必做到入箱前检查。 \\r\\n 交期：2012年2月15日/工厂。       没有经过我司同意无故延期交货造成严重后果\n\n的，按照客人的相关要求处理。 \\r\\n 开票：出货后请将增值税发票、验货报告、合同复印件及出库单一并寄至我司，以便我司安排付款。','9',NULL,NULL),('4028817a353b8d8e01353cad7b730027','4028817a3420e78a013421a693820002','4028817a3420e78a013421a693730001','4028817a33ecdbf70133ee202e49000b','瑞成电镀厂','4995','b232e729-a02f-48b2-987b-2c6311827816.jpg','全明料死模风灯，电镀花银喷浅紫色\\r\\n明料挺底      \\r\\n尺寸：11.5X20.3CM    \\r\\n1只/五层内盒     12只/大箱  \\r\\n毛坯1月30日送','PCS','300','1.70','510.00','★   产品与封样无明显差异，唛头、标签及包装质量务必符合公司要求。 \\r\\n ★★  产品生产前期、中期、后期抽验率不得少于10%，质量和封样一致， \\r\\n       并将验货照片传\n\n回公司。 \\r\\n★★★ 重点客人的质量标准检验，产品抽验率不得少于50%，务必做到入箱前检查。 \\r\\n 交期：2012年2月15日/工厂。毛坯送至祁县瑞成玻璃镀膜厂。 \\r\\n       没有经过\n\n我司同意无故延期交货造成严重后果的，按照客人的相关要求处理。 \\r\\n 开票：出货后请将增值税发票、验货报告、合同复印件及出库单一并寄至我司，以便我司安排付款。','3',NULL,NULL),('4028817a353b8d8e01353cad7b730029','4028817a3420e78a013421a693820004','4028817a3420e78a013421a693730001','4028817a33ecdbf70133ee202e49000b','瑞成电镀厂','4996','987692c0-6e47-4117-b6c8-3dbbeaca1b0c.jpg','全明料死模风灯，电镀花银喷浅绿色\\r\\n明料挺底      \\r\\n尺寸：11.5X30.5CM高    \\r\\n1只/五层内盒      6只/大箱  \\r\\n毛坯1月30日送','PCS','300','1.70','510.00','★   产品与封样无明显差异，唛头、标签及包装质量务必符合公司要求。 \\r\\n ★★  产品生产前期、中期、后期抽验率不得少于10%，质量和封样一致， \\r\\n       并将验货照片传\n\n回公司。 \\r\\n★★★ 重点客人的质量标准检验，产品抽验率不得少于50%，务必做到入箱前检查。 \\r\\n 交期：2012年2月15日/工厂。毛坯送至祁县瑞成玻璃镀膜厂。 \\r\\n       没有经过\n\n我司同意无故延期交货造成严重后果的，按照客人的相关要求处理。 \\r\\n 开票：出货后请将增值税发票、验货报告、合同复印件及出库单一并寄至我司，以便我司安排付款。','4',NULL,NULL),('4028817a353b8d8e01353cad7b73002a','4028817a3420e78a013421a693820006','4028817a3420e78a013421a693730001','4028817a33ecdbf70133ee202e49000b','瑞成电镀厂','4993','a803fa9e-dda1-476a-a822-a51b226aca39.jpg','全明料死模风灯，电镀花银喷浅绿色 \\r\\n明料挺底      \\r\\n尺寸：11.5X20.3CM    \\r\\n1只/五层内盒      12只/大箱  \\r\\n毛坯1月30日送','PCS','300','1.70','510.00','★   产品与封样无明显差异，唛头、标签及包装质量务必符合公司要求。 \\r\\n ★★  产品生产前期、中期、后期抽验率不得少于10%，质量和封样一致， \\r\\n       并将验货照片传\n\n回公司。 \\r\\n★★★ 重点客人的质量标准检验，产品抽验率不得少于50%，务必做到入箱前检查。 \\r\\n 交期：2012年2月15日/工厂。       没有经过我司同意,无故延期交货造成严重后果\n\n的，按照客人的相关要求处理。 \\r\\n 开票：出货后请将增值税发票、验货报告、合同复印件及出库单一并寄至我司，以便我司安排付款。','1',NULL,NULL),('4028817a353b8d8e01353cad7b73002b','4028817a3420e78a013421d2e3fe0014','4028817a3420e78a013421a693730001','4028817a33ecdbf70133ee202e49000b','瑞成电镀厂','5331','51902cb9-1650-480b-8373-2da4c3f2338b.jpg','全明料死模风灯，电镀花银喷绿色      \\r\\n尺寸：17X23CM高      \\r\\n1只/五层内盒      6只/大箱      \\r\\n毛坯1月30日送','PCS','300','3.50','1050.00','★   产品与封样无明显差异，唛头、标签及包装质量务必符合公司要求。 \\r\\n ★★  产品生产前期、中期、后期抽验率不得少于10%，质量和封样一致， \\r\\n       并将验货照片传\n\n回公司。 \\r\\n★★★ 重点客人的质量标准检验，产品抽验率不得少于50%，务必做到入箱前检查。 \\r\\n 交期：2012年2月15日/工厂。       没有经过我司同意无故延期交货造成严重后果\n\n的，按照客人的相关要求处理。 \\r\\n 开票：出货后请将增值税发票、验货报告、合同复印件及出库单一并寄至我司，以便我司安排付款。','7',NULL,NULL),('4028817a353b8d8e01353cad7b73002d','4028817a3420e78a013421a693820003','4028817a3420e78a013421a693730001','4028817a33ecdbf70133ee202e49000b','瑞成电镀厂','4994','05b37ddc-8904-4df3-8167-b98129c600de.jpg','全明料死模风灯，电镀花银喷浅蓝色\\r\\n明料挺底      \\r\\n尺寸：11.5X20.3CM    \\r\\n1只/五层内盒     12只/大箱  \\r\\n毛坯1月30日送','PCS','300','1.70','510.00','★   产品与封样无明显差异，唛头、标签及包装质量务必符合公司要求。 \\r\\n ★★  产品生产前期、中期、后期抽验率不得少于10%，质量和封样一致， \\r\\n       并将验货照片传\n\n回公司。 \\r\\n★★★ 重点客人的质量标准检验，产品抽验率不得少于50%，务必做到入箱前检查。 \\r\\n 交期：2012年2月15日/工厂。毛坯送至祁县瑞成玻璃镀膜厂。 \\r\\n       没有经过\n\n我司同意无故延期交货造成严重后果的，按照客人的相关要求处理。 \\r\\n 开票：出货后请将增值税发票、验货报告、合同复印件及出库单一并寄至我司，以便我司安排付款。','2',NULL,NULL),('4028817a353b8d8e01353cadeab80031','4028817a3420e78a013421a693920011','4028817a3420e78a013421a693730001','4028817a33ecdbf70133ee202e49000b','瑞成电镀厂','4997','7dbc495e-a12c-4eec-9975-c93c1b3f4297.jpg','全明料死模风灯，电镀花银喷浅蓝色\\r\\n明料挺底      \\r\\n尺寸：11.5X30.5CM高    \\r\\n1只/五层内盒      6只/大箱  \\r\\n毛坯1月30日送','PCS','300','1.70','510.00','★   产品与封样无明显差异，唛头、标签及包装质量务必符合公司要求。 \\r\\n ★★  产品生产前期、中期、后期抽验率不得少于10%，质量和封样一致， \\r\\n       并将验货照片传\n\n回公司。 \\r\\n★★★ 重点客人的质量标准检验，产品抽验率不得少于50%，务必做到入箱前检查。 \\r\\n 交期：2012年2月15日/工厂。       没有经过我司同意无故延期交货造成严重后果\n\n的，按照客人的相关要求处理。 \\r\\n 开票：出货后请将增值税发票、验货报告、合同复印件及出库单一并寄至我司，以便我司安排付款。','5',NULL,NULL),('4028817a353b8d8e01353cadeab80037','4028817a3420e78a013421a693820005','4028817a3420e78a013421a693730001','19','综艺花纸','5118','undefined','白金字母花纸\\r\\nSWEETS\\r\\n送祁县光华厂','PCS','300','3.00','900.00','1.产品的颜色、造型、尺寸、重量务必同我司封样一致；\\r\\n2.工厂免费提供2% 余量，以防损耗，代用包装送至指定工厂；请在外包装上注明相对应的合同号及货号；\\r\\n3.交期:2012\n\n年1月15日。','12',NULL,NULL),('4028817a353b8d8e01353cadec6d003a','4028817a3420e78a013421d2e3fe0013','4028817a3420e78a013421a693730001','4028817a33ecdbf70133ee202e49000b','瑞成电镀厂','5336','c8350cd2-47ae-4054-ad81-70004fe4eb44.jpg','全明料死模风灯，电镀花银喷绿色      \\r\\n 尺寸：14.5X20CM高      \\r\\n1只/五层内盒      12只/大箱      \\r\\n毛坯1月30日送','PCS','300','3.00','900.00','★   产品与封样无明显差异，唛头、标签及包装质量务必符合公司要求。 \\r\\n ★★  产品生产前期、中期、后期抽验率不得少于10%，质量和封样一致， \\r\\n       并将验货照片传\n\n回公司。 \\r\\n★★★ 重点客人的质量标准检验，产品抽验率不得少于50%，务必做到入箱前检查。 \\r\\n 交期：2012年2月15日/工厂。       没有经过我司同意无故延期交货造成严重后果\n\n的，按照客人的相关要求处理。 \\r\\n 开票：出货后请将增值税发票、验货报告、合同复印件及出库单一并寄至我司，以便我司安排付款。','8',NULL,NULL),('4028817a353b8d8e01353cadec6d0042','4028817a3420e78a013421a69382000e','4028817a3420e78a013421a693730001','4028817a33ecdbf70133ee202e49000b','瑞成电镀厂','4998','44fc2f77-af8a-42d3-8d9b-fa2bafa8f47a.jpg','全明料死模风灯，电镀花银喷浅紫色\\r\\n明料挺底      \\r\\n尺寸：11.5X30.5CM高    \\r\\n1只/五层内盒      6只/大箱  \\r\\n毛坯1月30日送','PCS','300','1.70','510.00','★   产品与封样无明显差异，唛头、标签及包装质量务必符合公司要求。 \\r\\n ★★  产品生产前期、中期、后期抽验率不得少于10%，质量和封样一致， \\r\\n       并将验货照片传\n\n回公司。 \\r\\n★★★ 重点客人的质量标准检验，产品抽验率不得少于50%，务必做到入箱前检查。 \\r\\n 交期：2012年2月15日/工厂。毛坯送至祁县瑞成玻璃镀膜厂。 \\r\\n       没有经过\n\n我司同意无故延期交货造成严重后果的，按照客人的相关要求处理。 \\r\\n 开票：出货后请将增值税发票、验货报告、合同复印件及出库单一并寄至我司，以便我司安排付款。','6',NULL,NULL),('4028817a353b8d8e01353cadec6d0044','4028817a3420e78a013421e2e3c10016','4028817a3420e78a013421a693730001','4028817a33ecdbf70133ee202e49000b','瑞成电镀厂','5400','601585a1-ba16-42bb-9ffb-\n\nd187b521be1f.jpg','全明料死模风灯，电镀花银喷蓝色      \\r\\n尺寸：17X23CM高      \\r\\n1只/五层内盒      6只/大箱      \\r\\n毛坯1月30日送','PCS','300','3.50','1050.00','★   产品与封样无明显差异，唛头、标签及包装质量务必符合公司要求。 \\r\\n ★★  产品生产前期、中期、后期抽验率不得少于10%，质量和封样一致， \\r\\n       并将验货照片传\n\n回公司。 \\r\\n★★★ 重点客人的质量标准检验，产品抽验率不得少于50%，务必做到入箱前检查。 \\r\\n 交期：2012年2月15日/工厂。       没有经过我司同意无故延期交货造成严重后果\n\n的，按照客人的相关要求处理。 \\r\\n 开票：出货后请将增值税发票、验货报告、合同复印件及出库单一并寄至我司，以便我司安排付款。','10',NULL,NULL),('4028817a353b8d8e01353d39f06c005d','4028817a353b8d8e01353d32350d0051','4028817a353b8d8e01353d15008d0046','19','综艺花纸','5117','aec0cd7f-795e-4c5f-b8c5-532b6479c4be.jpg','白金字母花纸\\r\\nSWEETS\\r\\n安全包装送祁县光华厂','PCS','100','3.00','300.00','1.产品的颜色、造型、尺寸、重量务必同我司封样一致；\\r\\n2.工厂免费提供2% 余量，以防损耗，代用包装送至指定工厂；请在外包装上注明相对应的合同号及货号；\\r\\n3.交期:2012\n\n年2月5日。','1',NULL,NULL),('4028817a353b8d8e01353d39f06c005e','4028817a353b8d8e01353d32350d005b','4028817a353b8d8e01353d15008d0046','4028817a33ecdbf70133ee202e49000b','瑞成电镀厂','5336','4436f9d7-b0e2-4926-9cd4-f6c66333c290.jpg','全明料死模风灯，电镀花银喷绿色      \\r\\n       \\r\\n尺寸：14.5X20CM高 \\r\\n1只/五层内盒      12只/大箱      \\r\\n毛坯1月30日送','PCS','156','3.00','468.00','★   产品与封样无明显差异，唛头、标签及包装质量务必符合公司要求。 \\r\\n ★★  产品生产前期、中期、后期抽验率不得少于10%，质量和封样一致， \\r\\n       并将验货照片传\n\n回公司。 \\r\\n★★★ 重点客人的质量标准检验，产品抽验率不得少于50%，务必做到入箱前检查。 \\r\\n 交期：2012年2月15日/工厂。       没有经过我司同意无故延期交货造成严重后果\n\n的，按照客人的相关要求处理。 \\r\\n 开票：出货后请将增值税发票、验货报告、合同复印件及出库单一并寄至我司，以便我司安排付款。','4',NULL,NULL),('4028817a353b8d8e01353d39f06c005f','4028817a353b8d8e01353d32350d005a','4028817a353b8d8e01353d15008d0046','4028817a33ecdbf70133ee202e49000b','瑞成电镀厂','5330','be775015-234a-4504-ad52-af6af53d2a9c.jpg','全明料死模风灯，电镀花银喷紫色      \\r\\n      \\r\\n尺寸：14.5X20CM高\\r\\n1只/五层内盒      12只/大箱      \\r\\n毛坯1月30日送','PCS','156','3.00','468.00','★   产品与封样无明显差异，唛头、标签及包装质量务必符合公司要求。 \\r\\n ★★  产品生产前期、中期、后期抽验率不得少于10%，质量和封样一致， \\r\\n       并将验货照片传\n\n回公司。 \\r\\n★★★ 重点客人的质量标准检验，产品抽验率不得少于50%，务必做到入箱前检查。 \\r\\n 交期：2012年2月15日/工厂。       没有经过我司同意无故延期交货造成严重后果\n\n的，按照客人的相关要求处理。 \\r\\n 开票：出货后请将增值税发票、验货报告、合同复印件及出库单一并寄至我司，以便我司安排付款。','3',NULL,NULL),('4028817a353b8d8e01353d39f06c0060','4028817a353b8d8e01353d32350d0055','4028817a353b8d8e01353d15008d0046','19','综艺花纸','5118','undefined','白金字母花纸\\r\\nSWEETS\\r\\n安全包装送祁县光华厂','PCS','100','3.00','300.00','1.产品的颜色、造型、尺寸、重量务必同我司封样一致；\\r\\n2.工厂免费提供2% 余量，以防损耗，代用包装送至指定工厂；请在外包装上注明相对应的合同号及货号；\\r\\n3.交期:2012\n\n年2月5日。','2',NULL,NULL),('4028817a353b8d8e01353d39f06c0061','4028817a353b8d8e01353d32350d0057','4028817a353b8d8e01353d15008d0046','4028817a33ecdbf70133ee202e49000b','瑞成电镀厂','5337','673a4e11-3706-4beb-b958-\n\nee1d7c564b3b.jpg','全明料死模风灯，电镀花银喷蓝色      \\r\\n       \\r\\n尺寸：14.5X20CM高      \\r\\n1只/五层内盒      12只/大箱\n\n    \\r\\n毛坯1月30日送','PCS','156','3.00','468.00','★   产品与封样无明显差异，唛头、标签及包装质量务必符合公司要求。 \\r\\n ★★  产品生产前期、中期、后期抽验率不得少于10%，质量和封样一致， \\r\\n       并将验货照片传\n\n回公司。 \\r\\n★★★ 重点客人的质量标准检验，产品抽验率不得少于50%，务必做到入箱前检查。 \\r\\n 交期：2012年2月15日/工厂。       没有经过我司同意无故延期交货造成严重后果\n\n的，按照客人的相关要求处理。 \\r\\n 开票：出货后请将增值税发票、验货报告、合同复印件及出库单一并寄至我司，以便我司安排付款。','5',NULL,NULL),('40288286607ea08c01607ecc5e8b0006','40288286607ea08c01607ea3d9500001','ff8080816077bbb3016077bd30b10000','4028817a33ecdbf70133ee202e49000b','瑞成电镀厂','fj001','fj002,jpg','sd','PCS','1','10.00','10.00','dsad','3',NULL,NULL),('40288287617040310161707a8a1d0002','402882876170403101617079e0540000','40288287616a411e01616ab546270006','4028817a33ecdbf70133ee202e49000b','瑞成电镀厂','FJ1234','lv.png',NULL,'PCS','21','11.00','231.00',NULL,'1',NULL,NULL),('5125810b-7df4-435e-982c-bdd52bcb1551','','','4028817a33d4f8b40133d9989f5e0024','','1',NULL,'1','1','2','1.00','2.00','1','1','1','传智播客教育股份有限公司'),('60c0cd53-c4c1-427b-8d12-ba7333d2a308','','','4028817a33d4f8b40133d9989f5e0024','','1',NULL,'1','1','2','1.00','2.00','1','1','1','传智播客教育股份有限公司'),('66e1624c-9dff-4c15-855f-9ba17da4f637','4740cccc-8c67-4810-94f5-97d58bb92073','C2C011E96CC3451DAD181AF3372CB80D','4028817a33d4f8b40133d9989f5e0024','民鑫','1',NULL,'1','1','2','1.00','2.00','1','1','1','传智播客教育股份有限公司'),('6b5d9025-3b2a-4c66-86e2-4b98f7f9e7aa','','','4028817a33d4f8b40133d9989f5e0024','','1',NULL,'1','1','2','1.00','2.00','1','1','1','传智播客教育股份有限公司'),('77453b1e-c2c2-46a3-968b-04bc856102c5','','','4028817a33d4f8b40133d9989f5e0024','','1',NULL,'1','1','2','1.00','2.00','1','1','1','传智播客教育股份有限公司'),('8ee4ccc6-be67-44a0-a947-89c601eb6a1b','','','4028817a33d4f8b40133d9989f5e0024','','1',NULL,'1','1','2','1.00','2.00','1','1','1','传智播客教育股份有限公司'),('93f91ed9-518f-49b1-bd5a-da971397153a','42b8eaa7-c7d2-40e0-8727-e90cb209abae','2c90c5004ad63735014ad6d204060005','4028817a3632e86601363344d16d0001','淄博花纸厂','003','http://${qiniu.rtValue}','3','3','3','3.00','9.00','abcdef','3',NULL,NULL),('962aa163-fc45-4637-8bdc-84ab33e73ec3','f8e3d8bc-4ba9-46c4-aac1-377ee57154ea','45bfb82a-36bb-4eec-9ad8-3a91f0a33af1','4028817a33d4f8b40133d9989f5e0024','民鑫','1',NULL,'1','1','4','5.00','20.00','1','1','1','传智播客教育股份有限公司'),('b06f3dce-a4df-4406-a5e8-2aba725469be','d754b2dd-33ff-42ed-b20e-ca1a4bef788c','bbad9b14-5858-496e-94bd-dd102ecc471d','4028817a33de41d80133e982a18a001c','太谷PVC','1',NULL,'1','1','1','5.00','5.00','1','1','1','传智播客教育股份有限公司'),('c73a560a-2be5-40c0-b2e3-19a44853f5a2','34161ada-1442-4158-ba7b-88ab93fe7047','FC8A89AD11CD426BA7045A20F3E2E95A','4028817a33ecdbf70133ee202e49000b','瑞成电镀厂','1',NULL,'1','1','1','1.00','1.00','1','1','1','传智播客教育股份有限公司'),('ce13f689-845d-472e-bef8-8aeeec376025','','','4028817a33d4f8b40133d9989f5e0024','民鑫','1',NULL,'1','1','2','1.00','2.00','1','1','1','传智播客教育股份有限公司'),('d5c0c1b0-67cb-4115-a7b7-a15fca0b6d74','d754b2dd-33ff-42ed-b20e-ca1a4bef788c','bbad9b14-5858-496e-94bd-dd102ecc471d','4028817a353b8d8e0135415bf0a90070','宇津水龙头厂','1',NULL,'1','1','2','2.00','4.00','1','1','1','传智播客教育股份有限公司'),('dc77f249-d8c9-4d5b-8820-5f54d3b5a324','','','4028817a34f93be50134f9df84470001','神舟厂','1',NULL,'1','1','2','2.00','4.00','1','1','1','传智播客教育股份有限公司'),('eec7d78b-d2dc-4581-9f23-ea1d4baf61f9','','','4028817a33d4f8b40133d9989f5e0024','民鑫','1',NULL,'1','1','2','1.00','2.00','1','1','1','传智播客教育股份有限公司'),('ff80808160b5b3460160b5b5ea520001','ff80808160b5b3460160b5b4d5500000','8a7e84105823102a01582310fcd70000','4028817a33ecdbf70133ee202e49000b','瑞成电镀厂',NULL,'fj002,jpg',NULL,NULL,'1','10.00',NULL,NULL,NULL,NULL,NULL),('ff80808160b5b3460160b5b6f3e80002','ff80808160b5b3460160b5b4d5500000','8a7e84105823102a01582310fcd70000','4028817a33d4f8b40133d9989f5e0024','民鑫',NULL,'fj002,jpg',NULL,NULL,'1','10.00',NULL,NULL,NULL,NULL,NULL),('ff80808160b5b99e0160b5ba180b0000','ff80808160b5b3460160b5b4d5500000','8a7e84105823102a01582310fcd70000','4028817a353b8d8e0135415bf0a90070','宇津水龙头厂',NULL,'fj002,jpg',NULL,NULL,'1','10.00','10.00',NULL,NULL,NULL,NULL),('ff80808160b5b99e0160b5bb86f10001','ff80808160b5b3460160b5b4d5500000','8a7e84105823102a01582310fcd70000','4028817a35e0895e0135ec7a4dbe0087','西安方圆工贸',NULL,'adssad',NULL,NULL,'1','5.00','5.00',NULL,NULL,NULL,NULL),('ff80808160b5b99e0160b5bdcd370003','ff80808160b5b3460160b5b4d5500000','8a7e84105823102a01582310fcd70000',NULL,NULL,NULL,'fj002,jpg',NULL,NULL,'2','15.00','30.00',NULL,NULL,NULL,NULL),('ff80808160b5b99e0160b5bedc3e0004','ff80808160b5b3460160b5b4d5500000','8a7e84105823102a01582310fcd70000','4028817a33ecdbf70133ee202e49000b','瑞成电镀厂',NULL,'fj002,jpg',NULL,NULL,'1','10.00','10.00',NULL,NULL,NULL,NULL),('ff80808160b5b99e0160b5bf2a660005','ff80808160b5b3460160b5b4d5500000','8a7e84105823102a01582310fcd70000','4028817a33ecdbf70133ee202e49000b','瑞成电镀厂',NULL,NULL,NULL,NULL,'1','10.00','10.00',NULL,NULL,NULL,NULL),('ff80808160b5b99e0160b5c0471b0006','ff80808160b5b3460160b5b4d5500000','8a7e84105823102a01582310fcd70000','4028817a33de41d80133e982a18a001c','太谷PVC',NULL,'fj002,jpg',NULL,NULL,'1','10.00','10.00',NULL,NULL,NULL,NULL);

/*Table structure for table `co_ext_eproduct` */

DROP TABLE IF EXISTS `co_ext_eproduct`;

CREATE TABLE `co_ext_eproduct` (
  `id` varchar(40) NOT NULL,
  `export_product_id` varchar(40) DEFAULT NULL,
  `export_id` varchar(40) DEFAULT NULL COMMENT '所属报运单id',
  `factory_id` varchar(40) DEFAULT NULL,
  `product_no` varchar(50) DEFAULT NULL,
  `product_image` varchar(200) DEFAULT NULL,
  `product_desc` varchar(255) DEFAULT NULL,
  `cnumber` decimal(11,0) DEFAULT NULL,
  `packing_unit` varchar(10) DEFAULT NULL COMMENT 'PCS/SETS',
  `price` decimal(10,2) DEFAULT NULL,
  `amount` decimal(10,2) DEFAULT NULL COMMENT '自动计算: 数量x单价',
  `product_request` text,
  `order_no` decimal(11,0) DEFAULT NULL,
  `company_id` varchar(40) DEFAULT NULL,
  `company_name` varchar(40) DEFAULT NULL,
  PRIMARY KEY (`id`),
  KEY `SYS_C005449` (`factory_id`),
  KEY `SYS_C005450` (`export_product_id`)
) ENGINE=InnoDB DEFAULT CHARSET=utf8;

/*Data for the table `co_ext_eproduct` */

insert  into `co_ext_eproduct`(`id`,`export_product_id`,`export_id`,`factory_id`,`product_no`,`product_image`,`product_desc`,`cnumber`,`packing_unit`,`price`,`amount`,`product_request`,`order_no`,`company_id`,`company_name`) values ('85f51c8f-84bc-4c25-9fde-896a0261bb74',NULL,'75b0682f-899d-418b-9c9e-2aeb7dccc29b','4028817a33ecdbf70133ee202e49000b','1',NULL,'1','1','1','1.00','1.00','1','1','1','传智播客教育股份有限公司'),('aa42b8be-792f-4e3b-8fe8-e905c1fb9854',NULL,'75b0682f-899d-418b-9c9e-2aeb7dccc29b','4028817a371a8d7f01372a74451f0068','1',NULL,'1','1','1','1.00','1.00','1','1','1','传智播客教育股份有限公司'),('e55ac171-0da9-4de1-96b2-9b32f1f03362',NULL,'75b0682f-899d-418b-9c9e-2aeb7dccc29b','4028817a34f93be50134f9df84470001','1',NULL,'1','1','1','1.00','1.00','1','1','1','传智播客教育股份有限公司');

/*Table structure for table `co_ext_product` */

DROP TABLE IF EXISTS `co_ext_product`;

CREATE TABLE `co_ext_product` (
  `ID` varchar(40) NOT NULL,
  `EXT_PRODUCT_ID` varchar(40) DEFAULT NULL,
  `EXT_PRODUCT_IMAGE` varchar(200) DEFAULT NULL,
  `DESCRIPTION` varchar(200) DEFAULT NULL,
  `FACTORY_ID` varchar(40) DEFAULT NULL,
  `FACTORY_NAME` varchar(200) DEFAULT NULL,
  `EXT_PRODUCT_PRICE` decimal(10,3) DEFAULT NULL,
  `EXT_PRODUCT_SIZE_LENGTH` decimal(10,3) DEFAULT NULL,
  `EXT_PRODUCT_SIZE_WIDTH` decimal(10,3) DEFAULT NULL,
  `EXT_PRODUCT_SIZE_HEIGHT` decimal(10,3) DEFAULT NULL,
  `EXT_PRODUCT_COLOR` varchar(100) DEFAULT NULL,
  `EXT_PRODUCT_PACKING` varchar(40) DEFAULT NULL,
  `EXT_PRODUCT_PACKING_UNIT` varchar(20) DEFAULT NULL,
  `EXT_PRODUCT_TYPE20` decimal(10,3) DEFAULT NULL,
  `EXT_PRODUCT_TYPE40` decimal(10,3) DEFAULT NULL,
  `EXT_PRODUCT_TYPE40HC` decimal(10,3) DEFAULT NULL,
  `EXT_PRODUCT_QTY` int(11) DEFAULT NULL,
  `EXT_PRODUCT_CBM` decimal(10,3) DEFAULT NULL,
  `EXT_PRODUCT_MPSIZE_LENGTH` decimal(10,3) DEFAULT NULL,
  `EXT_PRODUCT_MASIZE_WIDTH` decimal(10,3) DEFAULT NULL,
  `EXT_PRODUCT_MPSIZE_HEIGHT` decimal(10,3) DEFAULT NULL,
  `REMARK` varchar(200) DEFAULT NULL,
  `INPUT_TIME` datetime DEFAULT NULL,
  `CREATE_BY` varchar(40) DEFAULT NULL,
  `CREATE_DEPT` varchar(40) DEFAULT NULL,
  `CREATE_TIME` datetime DEFAULT NULL,
  `COMPANY_ID` varchar(40) DEFAULT NULL,
  `COMPANY_NAME` varchar(40) DEFAULT NULL,
  PRIMARY KEY (`ID`),
  KEY `FK_Reference_20` (`FACTORY_ID`),
  CONSTRAINT `FK_Reference_20` FOREIGN KEY (`FACTORY_ID`) REFERENCES `co_factory` (`id`)
) ENGINE=InnoDB DEFAULT CHARSET=utf8;

/*Data for the table `co_ext_product` */

insert  into `co_ext_product`(`ID`,`EXT_PRODUCT_ID`,`EXT_PRODUCT_IMAGE`,`DESCRIPTION`,`FACTORY_ID`,`FACTORY_NAME`,`EXT_PRODUCT_PRICE`,`EXT_PRODUCT_SIZE_LENGTH`,`EXT_PRODUCT_SIZE_WIDTH`,`EXT_PRODUCT_SIZE_HEIGHT`,`EXT_PRODUCT_COLOR`,`EXT_PRODUCT_PACKING`,`EXT_PRODUCT_PACKING_UNIT`,`EXT_PRODUCT_TYPE20`,`EXT_PRODUCT_TYPE40`,`EXT_PRODUCT_TYPE40HC`,`EXT_PRODUCT_QTY`,`EXT_PRODUCT_CBM`,`EXT_PRODUCT_MPSIZE_LENGTH`,`EXT_PRODUCT_MASIZE_WIDTH`,`EXT_PRODUCT_MPSIZE_HEIGHT`,`REMARK`,`INPUT_TIME`,`CREATE_BY`,`CREATE_DEPT`,`CREATE_TIME`,`COMPANY_ID`,`COMPANY_NAME`) values ('1','1','1','1','1','1','1.000','1.000','1.000','1.000','1','1','1','1.000','1.000','1.000',1,'1.000','1.000','1.000','1.000','1','2019-09-11 11:38:26','1','1','2019-09-13 11:38:20','1','传智播客教育股份有限公司'),('33211872-acc5-4ae6-9fe7-d85504736740','FJTOP7523','','FJTOP7523','4028817a389cc7b701389d1efd940001','宇虹包装厂','11.000','23.000','25.000','26.000','red',NULL,'pcs',NULL,NULL,'30.000',NULL,'7.000','34.000','32.000','21.000','FJTOP7523','2019-09-11 14:36:26','002108e2-9a10-4510-9683-8d8fd1d374ef','4028827c4fb6202a014fb6209c730000','2019-09-11 14:36:26','1','传智播客教育股份有限公司'),('4a95179e-298b-4c83-9d15-80f10ae3d9b2','FJCS654','','FJCS654','4028817a3ae2ac42013ae3550357000d','临潼华清蜡厂','33.000','10.000','13.000','14.000','yellow',NULL,'pcs',NULL,NULL,'20.000',NULL,'7.000','23.000','24.000','25.000','FJCS654','2019-09-11 14:32:27','002108e2-9a10-4510-9683-8d8fd1d374ef','4028827c4fb6202a014fb6209c730000','2019-09-11 14:32:27','1','传智播客教育股份有限公司'),('56c50603-b9e1-44f7-a11d-b6f8f497b3b8','FJEDG654','','FJEDG654','4028817a3aa9f950013ab97f64110053','温县致远厂','23.000','12.000','11.000','16.000','grey',NULL,'pcs',NULL,NULL,'40.000',NULL,'8.000','12.000','11.000','17.000','FJEDG654','2019-09-11 14:33:13','002108e2-9a10-4510-9683-8d8fd1d374ef','4028827c4fb6202a014fb6209c730000','2019-09-11 14:33:13','1','传智播客教育股份有限公司'),('6212baa0-7c21-4cd3-aaac-95555f6f10f8','FJKT321','','FJKT321','4028817a3aa9f950013ab0b6c98d0050','一先厂','4.000','6.000','7.000','8.000','lightgreen',NULL,'1',NULL,NULL,'40.000',NULL,'7.000','7.000','8.000','9.000','FJKT321','2019-09-11 14:34:37','002108e2-9a10-4510-9683-8d8fd1d374ef','4028827c4fb6202a014fb6209c730000','2019-09-11 14:34:37','1','传智播客教育股份有限公司'),('644cc965-6f18-4cb2-8889-74251b076bca','FJSSG951','','FJSSG951','4028817a39b2b37f0139b46268c40025','馨艺','12.000','8.000','11.000','12.000','white',NULL,'pcs',NULL,NULL,'20.000',NULL,'12.000','12.000','24.000','17.000','FJSSG951','2019-09-11 14:35:31','002108e2-9a10-4510-9683-8d8fd1d374ef','4028827c4fb6202a014fb6209c730000','2019-09-11 14:35:31','1','传智播客教育股份有限公司'),('dbfef40d-59b2-474b-ad24-ba0b7656a60a','FJQG032','','附件','ff808081301885760130189e47ca0013','文水志远','5.000','2.000','2.000','2.000','lightpink',NULL,'pcs',NULL,NULL,'40.000',NULL,'3.000','12.000','24.000','1.000','附件测试','2019-09-11 14:16:20','002108e2-9a10-4510-9683-8d8fd1d374ef','4028827c4fb6202a014fb6209c730000','2019-09-11 14:16:20',NULL,'传智播客教育股份有限公司');

/*Table structure for table `co_factory` */

DROP TABLE IF EXISTS `co_factory`;

CREATE TABLE `co_factory` (
  `id` varchar(40) NOT NULL,
  `ctype` varchar(10) DEFAULT NULL COMMENT '货物/附件',
  `full_name` varchar(200) DEFAULT NULL,
  `factory_name` varchar(50) DEFAULT NULL,
  `contacts` varchar(30) DEFAULT NULL,
  `phone` varchar(20) DEFAULT NULL,
  `mobile` varchar(20) DEFAULT NULL,
  `email` varchar(50) DEFAULT NULL,
  `fax` varchar(20) DEFAULT NULL,
  `address` varchar(200) DEFAULT NULL,
  `inspector` varchar(30) DEFAULT NULL,
  `remark` varchar(255) DEFAULT NULL,
  `order_no` decimal(11,0) DEFAULT NULL,
  `state` char(1) DEFAULT NULL COMMENT '1正常0停用',
  `create_by` varchar(40) DEFAULT NULL,
  `create_dept` varchar(40) DEFAULT NULL,
  `create_time` datetime DEFAULT NULL,
  `update_by` varchar(40) DEFAULT NULL,
  `update_time` datetime DEFAULT NULL,
  `company_id` varchar(40) DEFAULT NULL,
  `company_name` varchar(40) DEFAULT NULL,
  PRIMARY KEY (`id`)
) ENGINE=InnoDB DEFAULT CHARSET=utf8;

/*Data for the table `co_factory` */

insert  into `co_factory`(`id`,`ctype`,`full_name`,`factory_name`,`contacts`,`phone`,`mobile`,`email`,`fax`,`address`,`inspector`,`remark`,`order_no`,`state`,`create_by`,`create_dept`,`create_time`,`update_by`,`update_time`,`company_id`,`company_name`) values ('1','货物','祁县海洋厂','升华','刘生','0354-5299987',NULL,'1035008448@qq.com',NULL,'厦门','吕波',NULL,NULL,'0',NULL,NULL,'2015-01-10 19:34:53',NULL,'2015-01-10 19:32:46','1','传智播客教育股份有限公司'),('10','货物','祁县晶晨厂','晶晨','续贵','0354-5271999',NULL,'itcast_zyj@163.com',NULL,'东莞','吕波',NULL,NULL,'1',NULL,NULL,'2015-01-10 19:34:53',NULL,'2015-01-10 19:32:46','1','传智播客教育股份有限公司'),('12','货物','平遥远江厂','平遥远江','宏远','','13935499967','itcast_zyj@163.com','1','连云港','','',NULL,'1',NULL,NULL,'2015-01-10 19:34:53','002108e2-9a10-4510-9683-8d8fd1d374ef','2019-09-10 16:54:56','1','传智播客教育股份有限公司'),('13','货物','平遥鸿艺厂','平遥鸿艺','雄飞','0354-5940888',NULL,'1035008448@qq.com',NULL,'东莞','吕波',NULL,NULL,'1',NULL,NULL,'2015-01-10 19:34:53',NULL,'2015-01-10 19:32:46','1','传智播客教育股份有限公司'),('15','货物','南皮开发玻璃制品厂','南皮开发','舒东','0317-8863999',NULL,'itcast_zyj@163.com',NULL,'东莞',NULL,NULL,NULL,'1',NULL,NULL,'2015-01-10 19:34:53',NULL,'2015-01-10 19:32:46','1','传智播客教育股份有限公司'),('16','货物','陕西康达彩印厂','康达','袁喜','029-84528015',NULL,'2693999836@qq.com',NULL,'拉萨',NULL,NULL,NULL,'1',NULL,NULL,'2015-01-10 19:34:53',NULL,'2015-01-10 19:32:46','1','传智播客教育股份有限公司'),('17','货物','陕西众鑫印务包装有限公司','众鑫','赵毅','029-84341858',NULL,'2693999836@qq.com',NULL,'连云港',NULL,NULL,NULL,'1',NULL,NULL,'2015-01-10 19:34:53',NULL,'2015-01-10 19:32:46','1','传智播客教育股份有限公司'),('18','货物','翰林彩印厂','翰林','孙财','029-88917456',NULL,'itcast_zyj@163.com',NULL,'长沙',NULL,NULL,NULL,'1',NULL,NULL,'2015-01-10 19:34:53',NULL,'2015-01-10 19:32:46','1','传智播客教育股份有限公司'),('19','货物','祁县综艺玻璃花纸厂','综艺花纸','王棕','0354-5278918',NULL,'2693999836@qq.com',NULL,'长沙',NULL,NULL,NULL,'1',NULL,NULL,'2015-01-10 19:34:53',NULL,'2015-01-10 19:32:46','1','传智播客教育股份有限公司'),('2','货物','祁县光华厂','光华','薛成','0354-5298981',NULL,'itcast_zyj@163.com',NULL,'长沙','吕波',NULL,NULL,'1',NULL,NULL,'2015-01-10 19:34:53',NULL,'2015-01-10 19:32:46','1','传智播客教育股份有限公司'),('20','货物','祁县喜福来玻璃加工厂','喜福来','王卫','0354-5328850',NULL,'2693999836@qq.com',NULL,'长沙',NULL,NULL,NULL,'1',NULL,NULL,'2015-01-10 19:34:53',NULL,'2015-01-10 19:32:46','1','传智播客教育股份有限公司'),('21','货物','祁县美晶泡沫厂','美晶','范长','0354-5071387',NULL,'itcast_zyj@163.com',NULL,'长沙',NULL,NULL,NULL,'1',NULL,NULL,'2015-01-10 19:34:53',NULL,'2015-01-10 19:32:46','1','传智播客教育股份有限公司'),('22','货物','祁县瑞成玻璃镀膜厂','瑞成','温明',NULL,'13834809374','2693999836@qq.com',NULL,'长沙',NULL,NULL,NULL,'1',NULL,NULL,'2015-01-10 19:34:53',NULL,'2015-01-10 19:32:46','1','传智播客教育股份有限公司'),('3','货物','祁县会龙厂','会龙','李伟','0354-5248696',NULL,'itcast_zyj@163.com',NULL,'长沙','李光',NULL,NULL,'1',NULL,NULL,'2015-01-10 19:34:53',NULL,'2015-01-10 19:32:46','1','传智播客教育股份有限公司'),('4','货物','祁县精艺厂','精艺','闫强','0354-5047289',NULL,'1035008448@qq.com',NULL,'厦门','高琴',NULL,NULL,'1',NULL,NULL,'2015-01-10 19:34:53',NULL,'2015-01-10 19:32:46','1','传智播客教育股份有限公司'),('4028817a33d4f8b40133d9989f5e0024','附件','闻喜民鑫厂','民鑫','李民','0359-7472727','','itcast_zyj@163.com','','包头','吕波','',NULL,'1',NULL,NULL,'2015-01-10 19:35:06','002108e2-9a10-4510-9683-8d8fd1d374ef','2019-09-10 16:13:15','1','传智播客教育股份有限公司'),('4028817a33de41d80133e982a18a001c','附件','太谷四通PVC厂','太谷PVC','张海','0354-6226591',NULL,'1035008448@qq.com',NULL,'沈阳',NULL,NULL,NULL,'1',NULL,NULL,'2015-01-10 19:35:06',NULL,'2015-01-10 19:32:46','1','传智播客教育股份有限公司'),('4028817a33ecdbf70133ee202e49000b','附件','祁县瑞成电镀厂','瑞成电镀厂','温民','13835926900',NULL,'itcast_zyj@163.com',NULL,'沈阳',NULL,NULL,NULL,'1',NULL,NULL,'2015-01-10 19:35:06',NULL,'2015-01-10 19:32:46','1','传智播客教育股份有限公司'),('4028817a34f93be50134f9df84470001','附件','神舟玻璃制品有限公司','神舟厂','申定','0356-3961959','13935672348','2693999836@qq.com','0356-3991304','福州','李光',NULL,NULL,'1',NULL,NULL,'2015-01-10 19:35:06',NULL,'2015-01-10 19:32:46','1','传智播客教育股份有限公司'),('4028817a353b8d8e0135415bf0a90070','附件','陕西宇津进出口有限公司','宇津水龙头厂','任宁','029-62990818','','itcast_zyj@163.com','','东莞','','',NULL,'1',NULL,NULL,'2015-01-10 19:35:06','002108e2-9a10-4510-9683-8d8fd1d374ef','2019-09-10 16:09:09','1','传智播客教育股份有限公司'),('4028817a35e0895e0135ec7a4dbe0087','附件','西安方圆工贸有限公司','西安方圆工贸','许涛','029-86539568',NULL,'1035008448@qq.com','029-86590565','东莞',NULL,NULL,NULL,'1',NULL,NULL,'2015-01-10 19:35:06',NULL,'2015-01-10 19:32:46','1','传智播客教育股份有限公司'),('4028817a3632e86601363344d16d0001','附件','淄博雷波陶瓷花纸厂','淄博花纸厂','吴璇','0533-5176946',NULL,'itcast_zyj@163.com',NULL,'东莞',NULL,NULL,NULL,'1',NULL,NULL,'2015-01-10 19:35:06',NULL,'2015-01-10 19:32:46','1','传智播客教育股份有限公司'),('4028817a371a8d7f01372a74451f0068','附件','山西大德成工贸有限公司','铁架厂','高辉','0354-5288919',NULL,'1035008448@qq.com',NULL,'东莞','李光',NULL,NULL,'1',NULL,NULL,'2015-01-10 19:35:06',NULL,'2015-01-10 19:32:46','1','传智播客教育股份有限公司'),('4028817a37583d45013758d152450038','附件','祁县顺驰厂','顺驰','王明','0354-5109398',NULL,'itcast_zyj@163.com',NULL,'东莞','李光',NULL,NULL,'1',NULL,NULL,'2015-01-10 19:35:06',NULL,'2015-01-10 19:32:46','1','传智播客教育股份有限公司'),('4028817a38024a04013803e3a8a2004b','附件','祁县欣欣泡沫有限公司','祁县欣欣泡沫厂','许杰','0354-3939793',NULL,'1035008448@qq.com',NULL,'东莞',NULL,NULL,NULL,'1',NULL,NULL,'2015-01-10 19:35:06',NULL,'2015-01-10 19:32:46','1','传智播客教育股份有限公司'),('4028817a382b4fd401382b9aad2a0008','附件','祁县仲玉玻璃厂','仲玉','吕军','0354-5018888',NULL,'itcast_zyj@163.com',NULL,'东莞','李光',NULL,NULL,'1',NULL,NULL,'2015-01-10 19:35:06',NULL,'2015-01-10 19:32:46','1','传智播客教育股份有限公司'),('4028817a38736298013874c51a800036','附件','汇融玻璃有限公司','展鹏厂','厂长','0354-5326986','13834893800','itcast_zyj@163.com','0354-5826197','西安','李光',NULL,NULL,'1',NULL,NULL,'2015-01-10 19:35:06',NULL,'2015-01-10 19:32:46','1','传智播客教育股份有限公司'),('4028817a389cc7b701389d1efd940001','附件','宇虹包装彩印厂','宇虹包装厂','翟帅','0358-3099923','19033470988','1035008448@qq.com','0358-3098183','西安',NULL,NULL,NULL,'1',NULL,NULL,'2015-01-10 19:35:06',NULL,'2015-01-10 19:32:46','1','传智播客教育股份有限公司'),('4028817a39b2b37f0139b46268c40025','附件','祁县馨艺玻璃厂','馨艺','袁长','0354-5041938',NULL,'itcast_zyj@163.com',NULL,'东莞','李光',NULL,NULL,'1',NULL,NULL,'2015-01-10 19:35:06',NULL,'2015-01-10 19:32:46','1','传智播客教育股份有限公司'),('4028817a3aa9f950013ab0b6c98d0050','附件','祁县一先厂','一先厂','李刚','0654-9018444',NULL,'1035008448@qq.com',NULL,'东莞','李光',NULL,NULL,'1',NULL,NULL,'2015-01-10 19:35:06',NULL,'2015-01-10 19:32:46','1','传智播客教育股份有限公司'),('4028817a3aa9f950013ab97f64110053','附件','温县致远玻璃制品有限公司','温县致远厂','红升','18936896666',NULL,'itcast_zyj@163.com',NULL,'东莞',NULL,NULL,NULL,'1',NULL,NULL,'2015-01-10 19:35:06',NULL,'2015-01-10 19:32:46','1','传智播客教育股份有限公司'),('4028817a3abe8f15013ac019a61f0031','附件','祁县喜福来电镀厂','喜福来电镀厂','王卫','0154-5282888',NULL,'itcast_zyj@163.com',NULL,'东莞','李光',NULL,NULL,'1',NULL,NULL,'2015-01-10 19:35:06',NULL,'2015-01-10 19:32:46','1','传智播客教育股份有限公司'),('4028817a3ae2ac42013ae3550357000d','附件','临潼华清蜡厂','临潼华清蜡厂','吴波','13791903888',NULL,'1035008448@qq.com',NULL,'东莞',NULL,NULL,NULL,'0',NULL,NULL,'2015-01-10 19:35:06',NULL,'2015-01-10 19:32:46','1','传智播客教育股份有限公司'),('5','货物','祁县汇越厂','汇越','建忠','0354-5019656',NULL,'1035008448@qq.com',NULL,'西安','吕波',NULL,NULL,'1',NULL,NULL,'2015-01-10 19:34:53',NULL,'2015-01-10 19:32:46','1','传智播客教育股份有限公司'),('6','货物','祁县泰宇厂','泰宇','立东','0354-5299160',NULL,'itcast_zyj@163.com',NULL,'西安',NULL,NULL,NULL,'1',NULL,NULL,'2015-01-10 19:34:53',NULL,'2015-01-10 19:32:46','1','传智播客教育股份有限公司'),('7','货物','祁县天顺厂','天顺','渠海','0354-5299499',NULL,'1035008448@qq.com',NULL,'连云港','李光',NULL,NULL,'1',NULL,NULL,'2015-01-10 19:34:53',NULL,'2015-01-10 19:32:46','1','传智播客教育股份有限公司'),('8','货物','祁县天诚厂','天诚','庞正','0354-5299539',NULL,'itcast_zyj@163.com',NULL,'东莞',NULL,NULL,NULL,'1',NULL,NULL,'2015-01-10 19:34:53',NULL,'2015-01-10 19:32:46','1','传智播客教育股份有限公司'),('9','货物','祁县华艺厂','华艺','史国','0354-5041927',NULL,'itcast_zyj@163.com',NULL,'东莞','高琴',NULL,NULL,'1',NULL,NULL,'2015-01-10 19:34:53',NULL,'2015-01-10 19:32:46','1','传智播客教育股份有限公司'),('cf2bb6c8-0fee-4a02-bf53-11b3ae11c943','货物','测试厂家','测试','太大吴奇隆','0351-6597133','18435111994','szsbxjhc@163.com','0351-6597133','山西省太原市小店区','黑马黄健翔','1',NULL,'1','002108e2-9a10-4510-9683-8d8fd1d374ef','4028827c4fb6202a014fb6209c730000','2019-09-10 16:08:54','002108e2-9a10-4510-9683-8d8fd1d374ef','2019-09-11 14:38:27','1','传智播客教育股份有限公司'),('ff808081301885760130189e47ca0013','附件','文水志远厂','文水志远','志远','0358-3934083',NULL,'itcast_zyj@163.com',NULL,'连云港','李光',NULL,NULL,'1',NULL,NULL,'2015-01-10 19:35:06',NULL,'2015-01-10 19:32:46','1','传智播客教育股份有限公司');

/*Table structure for table `co_packing_list` */

DROP TABLE IF EXISTS `co_packing_list`;

CREATE TABLE `co_packing_list` (
  `packing_list_id` varchar(40) NOT NULL,
  `seller` varchar(200) DEFAULT NULL,
  `buyer` varchar(200) DEFAULT NULL,
  `invoice_no` varchar(30) DEFAULT NULL COMMENT '选择',
  `invoice_date` datetime DEFAULT NULL,
  `marks` varchar(200) DEFAULT NULL,
  `descriptions` varchar(200) DEFAULT NULL,
  `export_ids` varchar(200) DEFAULT NULL COMMENT '报运ID集合',
  `export_nos` varchar(200) DEFAULT NULL COMMENT '报运NO集合x,y|z,h',
  `state` decimal(11,0) DEFAULT NULL COMMENT '0草稿 1已上报',
  `create_by` varchar(40) DEFAULT NULL,
  `create_dept` varchar(40) DEFAULT NULL,
  `create_time` datetime DEFAULT NULL,
  `company_id` varchar(40) DEFAULT NULL,
  `company_name` varchar(40) DEFAULT NULL,
  PRIMARY KEY (`packing_list_id`)
) ENGINE=InnoDB DEFAULT CHARSET=utf8;

/*Data for the table `co_packing_list` */

insert  into `co_packing_list`(`packing_list_id`,`seller`,`buyer`,`invoice_no`,`invoice_date`,`marks`,`descriptions`,`export_ids`,`export_nos`,`state`,`create_by`,`create_dept`,`create_time`,`company_id`,`company_name`) values ('8a7e8412584c739201584c7433c50000','美国ABC','ABC','ABC','2016-11-09 00:00:00','ABC','ABC',NULL,NULL,'0',NULL,NULL,NULL,NULL,NULL),('8a7e842b57bc33760157bc340dad0000','AJ1','小陈','PK10022','2016-10-06 00:00:00','marks唛头','descript描述',NULL,NULL,'0',NULL,NULL,NULL,NULL,NULL);

/*Table structure for table `co_product` */

DROP TABLE IF EXISTS `co_product`;

CREATE TABLE `co_product` (
  `ID` varchar(40) NOT NULL,
  `PRODUCT_NO` varchar(40) DEFAULT NULL,
  `PRODUCT_IMAGE` varchar(200) DEFAULT NULL,
  `DESCRIPTION` varchar(200) DEFAULT NULL,
  `FACTORY_ID` varchar(40) DEFAULT NULL,
  `FACTORY_NAME` varchar(250) DEFAULT NULL,
  `PRICE` decimal(10,3) DEFAULT NULL,
  `SIZE_LENGHT` decimal(10,3) DEFAULT NULL,
  `SIZE_WIDTH` decimal(10,3) DEFAULT NULL,
  `SIZE_HEIGHT` decimal(10,3) DEFAULT NULL,
  `COLOR` varchar(200) DEFAULT NULL COMMENT 'дܶ',
  `PACKING` varchar(20) DEFAULT NULL,
  `PACKING_UNIT` varchar(10) DEFAULT NULL COMMENT 'PCS/SETS',
  `TYPE20` decimal(10,3) DEFAULT NULL,
  `TYPE40` decimal(10,3) DEFAULT NULL,
  `TYPE40HC` decimal(10,3) DEFAULT NULL,
  `QTY` int(11) DEFAULT NULL,
  `CBM` decimal(10,3) DEFAULT NULL,
  `MPSIZE_LENGHT` decimal(10,3) DEFAULT NULL,
  `MPSIZE_WIDTH` decimal(10,3) DEFAULT NULL,
  `MPSIZE_HEIGHT` decimal(10,3) DEFAULT NULL,
  `REMARK` varchar(500) DEFAULT NULL COMMENT 'NOTE',
  `INPUT_TIME` datetime DEFAULT NULL COMMENT 'CREATEDATE',
  `CREATE_BY` varchar(40) DEFAULT NULL,
  `CREATE_DEPT` varchar(40) DEFAULT NULL,
  `CREATE_TIME` datetime DEFAULT NULL,
  `COMPANY_ID` varchar(40) DEFAULT NULL,
  `COMPANY_NAME` varchar(40) DEFAULT NULL,
  PRIMARY KEY (`ID`),
  KEY `FK_Reference_7` (`FACTORY_ID`),
  CONSTRAINT `FK_Reference_7` FOREIGN KEY (`FACTORY_ID`) REFERENCES `co_factory` (`id`)
) ENGINE=InnoDB DEFAULT CHARSET=utf8;

/*Data for the table `co_product` */

insert  into `co_product`(`ID`,`PRODUCT_NO`,`PRODUCT_IMAGE`,`DESCRIPTION`,`FACTORY_ID`,`FACTORY_NAME`,`PRICE`,`SIZE_LENGHT`,`SIZE_WIDTH`,`SIZE_HEIGHT`,`COLOR`,`PACKING`,`PACKING_UNIT`,`TYPE20`,`TYPE40`,`TYPE40HC`,`QTY`,`CBM`,`MPSIZE_LENGHT`,`MPSIZE_WIDTH`,`MPSIZE_HEIGHT`,`REMARK`,`INPUT_TIME`,`CREATE_BY`,`CREATE_DEPT`,`CREATE_TIME`,`COMPANY_ID`,`COMPANY_NAME`) values ('0ca267e3-2711-484b-a01c-36476ad8fe75','LNG','','xxx','2','光华','33.000','34.000','23.000','12.000','yellow',NULL,'PCS',NULL,NULL,'40.000',NULL,'8.000','34.000','12.000','23.000','xxx','2019-09-11 14:11:09','002108e2-9a10-4510-9683-8d8fd1d374ef','4028827c4fb6202a014fb6209c730000','2019-09-11 14:11:09','1','传智播客教育股份有限公司'),('42eed67e-4283-4f76-8498-7d86edf3a71c','RNG666','','66','20','喜福来','45.000','66.000','66.000','66.000','66',NULL,'66',NULL,NULL,'66.000',NULL,'66.000','66.000','6.000','66.000','66','2019-09-10 21:44:58','002108e2-9a10-4510-9683-8d8fd1d374ef','4028827c4fb6202a014fb6209c730000','2019-09-10 21:44:58','1','传智播客教育股份有限公司'),('707e7dda-4cd5-417c-81bc-be9076739e73','TOP2369','','top','21','美晶','76.000','67.000','67.000','67.000','black',NULL,'PCS',NULL,NULL,'20.000',NULL,'12.000','67.000','67.000','67.000','xxx','2019-09-11 14:12:03','002108e2-9a10-4510-9683-8d8fd1d374ef','4028827c4fb6202a014fb6209c730000','2019-09-11 14:12:03','1','传智播客教育股份有限公司'),('9268a879-6e0d-4855-88f7-1108e5471367','BLG9875','','pinkProduct','19','综艺花纸','66.000','5.000','4.000','3.000','pink',NULL,'PCS',NULL,NULL,'40.000',NULL,'5.000','7.000','6.000','6.000','BLG9875','2019-09-11 14:10:17','002108e2-9a10-4510-9683-8d8fd1d374ef','4028827c4fb6202a014fb6209c730000','2019-09-11 14:10:17','1','传智播客教育股份有限公司'),('a4d7398d-aedd-4b1e-8e42-dd894d635dd2','EDG7777','','7','15','南皮开发','7.000','7.000','7.000','7.000','7',NULL,'7',NULL,NULL,'7.000',NULL,'7.000','7.000','7.000','7.000','7','2019-09-10 21:44:31','002108e2-9a10-4510-9683-8d8fd1d374ef','4028827c4fb6202a014fb6209c730000','2019-09-10 21:44:31','1','传智播客教育股份有限公司'),('acfaa188-a2a0-41d5-881a-d02d8dd8590d','QG333','','3','3','平遥鸿艺','3.000','3.000','3.000','3.000','3',NULL,'3',NULL,NULL,'3.000',NULL,'3.000','3.000','3.000','3.000','3','2019-09-10 21:10:22','002108e2-9a10-4510-9683-8d8fd1d374ef','4028827c4fb6202a014fb6209c730000','2019-09-10 21:10:22','1','传智播客教育股份有限公司'),('d74402a7-7501-42ac-88a0-319bf117a278','LGD9635','','测试货物','18','翰林','23.000','12.000','14.000','23.000','blue',NULL,'PCS',NULL,NULL,'40.000',NULL,'9.000','13.000','15.000','24.000','测试货物','2019-09-11 14:09:14','002108e2-9a10-4510-9683-8d8fd1d374ef','4028827c4fb6202a014fb6209c730000','2019-09-11 14:09:14','1','传智播客教育股份有限公司');

/*Table structure for table `pe_dept` */

DROP TABLE IF EXISTS `pe_dept`;

CREATE TABLE `pe_dept` (
  `dept_id` varchar(40) NOT NULL,
  `dept_name` varchar(50) DEFAULT NULL,
  `parent_id` varchar(40) DEFAULT NULL,
  `state` decimal(6,0) DEFAULT NULL COMMENT '1代表启用，0代表停用，默认为1',
  `company_id` varchar(40) DEFAULT NULL,
  `company_name` varchar(40) DEFAULT NULL,
  PRIMARY KEY (`dept_id`),
  KEY `SYS_C005596` (`parent_id`),
  CONSTRAINT `SYS_C005596` FOREIGN KEY (`parent_id`) REFERENCES `pe_dept` (`dept_id`)
) ENGINE=InnoDB DEFAULT CHARSET=utf8;

/*Data for the table `pe_dept` */

insert  into `pe_dept`(`dept_id`,`dept_name`,`parent_id`,`state`,`company_id`,`company_name`) values ('100','商贸集团','100','1','1','传智播客'),('100101','北京事业部','100','1','1','传智播客教育股份有限公司'),('100101101','顺义事业部','100101','1','1','传智播客'),('2c33ce90-c2da-4f98-aba0-d6c8b7de1125','104测试部门数据333','100','1','1','传智播客'),('3d00290a-1af0-4c28-853e-29fbf96a2722','市场部','100','1','1','传智播客'),('4028827c4fb6202a014fb6209c730000','总裁办',NULL,'1','1','传智播客教育股份有限公司'),('4028827c4fb633bd014fb64467470000','财务部',NULL,'1','1','传智播客教育股份有限公司'),('73f3fa2f-66a2-4d16-8306-78d89003031b','网络部','100','1','1','传智播客教育股份有限公司'),('8a7e82be61400c000161400c05810000','黑马299，非常NB','100101','1','1','传智播客教育股份有限公司'),('8a7e862458b9ed5b0158b9edc0e80000','调研组','3d00290a-1af0-4c28-853e-29fbf96a2722','1','1','传智播客教育股份有限公司'),('97f88a8c-90fc-4d52-aed7-2046f62fb498','总经办','100','1','1','传智播客教育股份有限公司'),('aeb1c7d3-9a54-4f73-b0ec-0325b83aef45','船运部','100','1','1','传智播客教育股份有限公司'),('ff808081613b858301613b8586c60000','黑马程序员1',NULL,'1','1','传智播客教育股份有限公司');

/*Table structure for table `pe_role` */

DROP TABLE IF EXISTS `pe_role`;

CREATE TABLE `pe_role` (
  `role_id` varchar(40) NOT NULL,
  `name` varchar(30) DEFAULT NULL,
  `remark` varchar(200) DEFAULT NULL,
  `order_no` decimal(11,0) DEFAULT NULL,
  `create_by` varchar(40) DEFAULT NULL,
  `create_dept` varchar(40) DEFAULT NULL,
  `create_time` datetime DEFAULT NULL,
  `update_by` varchar(40) DEFAULT NULL,
  `update_time` datetime DEFAULT NULL,
  `company_id` varchar(40) DEFAULT NULL,
  `company_name` varchar(40) DEFAULT NULL,
  PRIMARY KEY (`role_id`)
) ENGINE=InnoDB DEFAULT CHARSET=utf8;

/*Data for the table `pe_role` */

insert  into `pe_role`(`role_id`,`name`,`remark`,`order_no`,`create_by`,`create_dept`,`create_time`,`update_by`,`update_time`,`company_id`,`company_name`) values ('05eef982-416f-4626-9e9f-84d1cf394444','测试权限角色','测试权限角色',NULL,NULL,NULL,NULL,NULL,NULL,'1','传智播客教育股份有限公司'),('4028a1c34ec2e5c8014ec2ebf8430001','船运专员','船运专员','9',NULL,NULL,'2015-09-11 16:59:44',NULL,'2015-07-25 09:55:21','1','传智播客教育股份有限公司'),('4028a1c34ec2e5c8014ec2ec38cc0002','船运经理','船运经理','10',NULL,NULL,'2015-09-11 16:59:47',NULL,'2015-07-25 09:55:37','1','传智播客教育股份有限公司'),('4028a1cd4ee2d9d6014ee2df4c6a0000','装箱专员','装箱专员','11',NULL,NULL,'2015-09-11 16:59:49',NULL,'2015-07-31 14:49:21','1','传智播客教育股份有限公司'),('4028a1cd4ee2d9d6014ee2df4c6a0001','总经理','sysadmin','1',NULL,NULL,'2015-09-11 16:58:57',NULL,'2015-07-20 00:00:00','1','传智播客教育股份有限公司'),('4028a1cd4ee2d9d6014ee2df4c6a0002','销售经理','salemanager','2',NULL,NULL,'2015-09-11 16:58:04',NULL,'2015-07-20 00:00:00','1','传智播客教育股份有限公司'),('4028a1cd4ee2d9d6014ee2df4c6a0003','合同专责','contract','3',NULL,NULL,'2015-09-11 16:58:00',NULL,'2015-07-20 00:00:00','1','传智播客教育股份有限公司'),('4028a1cd4ee2d9d6014ee2df4c6a0004','销售专责','sale','4',NULL,NULL,'2015-09-11 16:57:47',NULL,'2015-07-20 00:00:00','1','传智播客教育股份有限公司'),('4028a1cd4ee2d9d6014ee2df4c6a0005','报运经理','transportation','5',NULL,NULL,'2015-09-11 16:57:42',NULL,'2015-07-20 00:00:00','1','传智播客教育股份有限公司'),('4028a1cd4ee2d9d6014ee2df4c6a0006','报运专责','trans','6',NULL,NULL,'2015-09-11 16:57:37',NULL,'2015-07-20 00:00:00','1','传智播客教育股份有限公司'),('4028a1cd4ee2d9d6014ee2df4c6a0007','财务经理','financial','7',NULL,NULL,'2015-09-11 16:57:32',NULL,'2015-07-20 00:00:00','1','传智播客教育股份有限公司'),('4028a1cd4ee2d9d6014ee2df4c6a0008','财务专责','fin','8',NULL,NULL,'2015-09-11 16:57:25',NULL,'2015-07-20 00:00:00','1','传智播客教育股份有限公司');

/*Table structure for table `pe_role_module` */

DROP TABLE IF EXISTS `pe_role_module`;

CREATE TABLE `pe_role_module` (
  `role_id` varchar(255) DEFAULT NULL,
  `module_id` varchar(255) DEFAULT NULL
) ENGINE=InnoDB DEFAULT CHARSET=utf8;

/*Data for the table `pe_role_module` */

insert  into `pe_role_module`(`role_id`,`module_id`) values ('4028a1c34ec2e5c8014ec2ec38cc0002','203'),('4028a1c34ec2e5c8014ec2ec38cc0002','201'),('4028a1c34ec2e5c8014ec2ec38cc0002','206'),('4028a1c34ec2e5c8014ec2ec38cc0002','204'),('4028a1c34ec2e5c8014ec2ec38cc0002','205'),('4028a1c34ec2e5c8014ec2ec38cc0002','101'),('4028a1c34ec2e5c8014ec2ec38cc0002','103'),('4028a1c34ec2e5c8014ec2ec38cc0002','102'),('4028a1c34ec2e5c8014ec2ec38cc0002','1'),('4028a1c34ec2e5c8014ec2ec38cc0002','302'),('4028a1c34ec2e5c8014ec2ec38cc0002','2'),('4028a1c34ec2e5c8014ec2ec38cc0002','303'),('4028a1c34ec2e5c8014ec2ec38cc0002','3'),('4028a1c34ec2e5c8014ec2ec38cc0002','202'),('4028a1c34ec2e5c8014ec2ec38cc0002','301'),('402882866092f8ba016092fc8b8b0000','204'),('402882866092f8ba016092fc8b8b0000','50102'),('402882866092f8ba016092fc8b8b0000','208'),('402882866092f8ba016092fc8b8b0000','207'),('402882866092f8ba016092fc8b8b0000','5'),('402882866092f8ba016092fc8b8b0000','501'),('402882866092f8ba016092fc8b8b0000','205'),('402882866092f8ba016092fc8b8b0000','1'),('402882866092f8ba016092fc8b8b0000','2'),('402882866092f8ba016092fc8b8b0000','101'),('402882866092f8ba016092fc8b8b0000','504'),('402882866092f8ba016092fc8b8b0000','201'),('402882866092f8ba016092fc8b8b0000','50103'),('402882866092f8ba016092fc8b8b0000','50104'),('402882866092f8ba016092fc8b8b0000','102'),('402882866092f8ba016092fc8b8b0000','203'),('402882866092f8ba016092fc8b8b0000','206'),('402882866092f8ba016092fc8b8b0000','503'),('402882866092f8ba016092fc8b8b0000','202'),('402882866092f8ba016092fc8b8b0000','502'),('402882866092f8ba016092fc8b8b0000','50101'),('4028a1cd4ee2d9d6014ee2df4c6a0001','1'),('4028a1cd4ee2d9d6014ee2df4c6a0001','101'),('4028a1cd4ee2d9d6014ee2df4c6a0001','102'),('4028a1cd4ee2d9d6014ee2df4c6a0001','103'),('4028a1cd4ee2d9d6014ee2df4c6a0001','2'),('4028a1cd4ee2d9d6014ee2df4c6a0001','201'),('4028a1cd4ee2d9d6014ee2df4c6a0001','202'),('4028a1cd4ee2d9d6014ee2df4c6a0001','203'),('4028a1cd4ee2d9d6014ee2df4c6a0001','204'),('4028a1cd4ee2d9d6014ee2df4c6a0001','205'),('4028a1cd4ee2d9d6014ee2df4c6a0001','206'),('4028a1cd4ee2d9d6014ee2df4c6a0001','207'),('4028a1cd4ee2d9d6014ee2df4c6a0001','208'),('4028a1cd4ee2d9d6014ee2df4c6a0001','3'),('4028a1cd4ee2d9d6014ee2df4c6a0001','301'),('4028a1cd4ee2d9d6014ee2df4c6a0001','302'),('4028a1cd4ee2d9d6014ee2df4c6a0001','303'),('4028a1cd4ee2d9d6014ee2df4c6a0001','4'),('4028a1cd4ee2d9d6014ee2df4c6a0001','401'),('4028a1cd4ee2d9d6014ee2df4c6a0001','402'),('4028a1cd4ee2d9d6014ee2df4c6a0001','5'),('4028a1cd4ee2d9d6014ee2df4c6a0001','501'),('4028a1cd4ee2d9d6014ee2df4c6a0001','502'),('4028a1cd4ee2d9d6014ee2df4c6a0001','503'),('4028a1cd4ee2d9d6014ee2df4c6a0001','504'),('4028a1cd4ee2d9d6014ee2df4c6a0001','6'),('4028a1cd4ee2d9d6014ee2df4c6a0001','601'),('4028a1cd4ee2d9d6014ee2df4c6a0001','602'),('4028a1cd4ee2d9d6014ee2df4c6a0002','1'),('4028a1cd4ee2d9d6014ee2df4c6a0002','101'),('4028a1cd4ee2d9d6014ee2df4c6a0002','102'),('4028a1cd4ee2d9d6014ee2df4c6a0002','103'),('4028a1cd4ee2d9d6014ee2df4c6a0002','2'),('4028a1cd4ee2d9d6014ee2df4c6a0002','201'),('4028a1cd4ee2d9d6014ee2df4c6a0002','202'),('4028a1cd4ee2d9d6014ee2df4c6a0002','203'),('4028a1cd4ee2d9d6014ee2df4c6a0002','204'),('4028a1cd4ee2d9d6014ee2df4c6a0002','205'),('4028a1cd4ee2d9d6014ee2df4c6a0002','206'),('4028a1cd4ee2d9d6014ee2df4c6a0002','207'),('4028a1cd4ee2d9d6014ee2df4c6a0002','208'),('4028a1cd4ee2d9d6014ee2df4c6a0002','4'),('4028a1cd4ee2d9d6014ee2df4c6a0002','401'),('4028a1cd4ee2d9d6014ee2df4c6a0002','5'),('4028a1cd4ee2d9d6014ee2df4c6a0002','501'),('4028a1cd4ee2d9d6014ee2df4c6a0002','502'),('4028a1cd4ee2d9d6014ee2df4c6a0002','503'),('4028a1cd4ee2d9d6014ee2df4c6a0004','1'),('4028a1cd4ee2d9d6014ee2df4c6a0004','101'),('4028a1cd4ee2d9d6014ee2df4c6a0004','102'),('4028a1cd4ee2d9d6014ee2df4c6a0004','103'),('4028a1cd4ee2d9d6014ee2df4c6a0004','2'),('4028a1cd4ee2d9d6014ee2df4c6a0004','201'),('4028a1cd4ee2d9d6014ee2df4c6a0004','202'),('4028a1cd4ee2d9d6014ee2df4c6a0004','203'),('4028a1cd4ee2d9d6014ee2df4c6a0004','204'),('4028a1cd4ee2d9d6014ee2df4c6a0004','205'),('4028a1cd4ee2d9d6014ee2df4c6a0004','206'),('4028a1cd4ee2d9d6014ee2df4c6a0004','207'),('4028a1cd4ee2d9d6014ee2df4c6a0000','101'),('4028a1cd4ee2d9d6014ee2df4c6a0000','102'),('4028a1cd4ee2d9d6014ee2df4c6a0000','6'),('4028a1cd4ee2d9d6014ee2df4c6a0000','602'),('4028a1cd4ee2d9d6014ee2df4c6a0000','203'),('4028a1cd4ee2d9d6014ee2df4c6a0000','604'),('4028a1cd4ee2d9d6014ee2df4c6a0000','202'),('4028a1cd4ee2d9d6014ee2df4c6a0000','205'),('4028a1cd4ee2d9d6014ee2df4c6a0000','204'),('4028a1cd4ee2d9d6014ee2df4c6a0000','1'),('4028a1cd4ee2d9d6014ee2df4c6a0000','2'),('4028a1cd4ee2d9d6014ee2df4c6a0000','208'),('4028a1cd4ee2d9d6014ee2df4c6a0000','201'),('4028a1cd4ee2d9d6014ee2df4c6a0000','206'),('4028a1cd4ee2d9d6014ee2df4c6a0000','103'),('4028a1cd4ee2d9d6014ee2df4c6a0000','207'),('4028a1cd4ee2d9d6014ee2df4c6a0000','603'),('4028a1cd4ee2d9d6014ee2df4c6a0000','601'),('4028a1c34ec2e5c8014ec2ebf8430001','2'),('4028a1c34ec2e5c8014ec2ebf8430001','201'),('4028a1c34ec2e5c8014ec2ebf8430001','202'),('4028a1c34ec2e5c8014ec2ebf8430001','203'),('4028a1c34ec2e5c8014ec2ebf8430001','204'),('4028a1c34ec2e5c8014ec2ebf8430001','205'),('4028a1c34ec2e5c8014ec2ebf8430001','206'),('4028a1c34ec2e5c8014ec2ebf8430001','207'),('4028a1c34ec2e5c8014ec2ebf8430001','208'),('4028a1c34ec2e5c8014ec2ebf8430001','3'),('4028a1c34ec2e5c8014ec2ebf8430001','301'),('4028a1c34ec2e5c8014ec2ebf8430001','302'),('4028a1cd4ee2d9d6014ee2df4c6a0007','4'),('4028a1cd4ee2d9d6014ee2df4c6a0007','401'),('4028a1cd4ee2d9d6014ee2df4c6a0007','402'),('4028a1cd4ee2d9d6014ee2df4c6a0008','3'),('4028a1cd4ee2d9d6014ee2df4c6a0008','301'),('4028a1cd4ee2d9d6014ee2df4c6a0008','302'),('4028a1cd4ee2d9d6014ee2df4c6a0008','303'),('05eef982-416f-4626-9e9f-84d1cf394444','2'),('05eef982-416f-4626-9e9f-84d1cf394444','201'),('05eef982-416f-4626-9e9f-84d1cf394444','202'),('05eef982-416f-4626-9e9f-84d1cf394444','203'),('05eef982-416f-4626-9e9f-84d1cf394444','204'),('05eef982-416f-4626-9e9f-84d1cf394444','205'),('05eef982-416f-4626-9e9f-84d1cf394444','206'),('05eef982-416f-4626-9e9f-84d1cf394444','207'),('05eef982-416f-4626-9e9f-84d1cf394444','208'),('05eef982-416f-4626-9e9f-84d1cf394444','3'),('05eef982-416f-4626-9e9f-84d1cf394444','301'),('05eef982-416f-4626-9e9f-84d1cf394444','5'),('05eef982-416f-4626-9e9f-84d1cf394444','501'),('05eef982-416f-4626-9e9f-84d1cf394444','502'),('05eef982-416f-4626-9e9f-84d1cf394444','503');

/*Table structure for table `pe_role_user` */

DROP TABLE IF EXISTS `pe_role_user`;

CREATE TABLE `pe_role_user` (
  `user_id` varchar(255) NOT NULL,
  `role_id` varchar(255) NOT NULL,
  PRIMARY KEY (`role_id`,`user_id`),
  KEY `SYS_C005471` (`user_id`),
  CONSTRAINT `SYS_C005471` FOREIGN KEY (`user_id`) REFERENCES `pe_user` (`USER_ID`)
) ENGINE=InnoDB DEFAULT CHARSET=utf8;

/*Data for the table `pe_role_user` */

insert  into `pe_role_user`(`user_id`,`role_id`) values ('002108e2-9a10-4510-9683-8d8fd1d374ef','4028a1c34ec2e5c8014ec2ebf8430001'),('002108e2-9a10-4510-9683-8d8fd1d374ef','4028a1c34ec2e5c8014ec2ec38cc0002'),('002108e2-9a10-4510-9683-8d8fd1d374ef','4028a1cd4ee2d9d6014ee2df4c6a0000'),('002108e2-9a10-4510-9683-8d8fd1d374ef','4028a1cd4ee2d9d6014ee2df4c6a0001'),('002108e2-9a10-4510-9683-8d8fd1d374ef','4028a1cd4ee2d9d6014ee2df4c6a0002'),('002108e2-9a10-4510-9683-8d8fd1d374ef','4028a1cd4ee2d9d6014ee2df4c6a0003'),('002108e2-9a10-4510-9683-8d8fd1d374ef','4028a1cd4ee2d9d6014ee2df4c6a0004'),('002108e2-9a10-4510-9683-8d8fd1d374ef','4028a1cd4ee2d9d6014ee2df4c6a0005'),('002108e2-9a10-4510-9683-8d8fd1d374ef','4028a1cd4ee2d9d6014ee2df4c6a0006'),('002108e2-9a10-4510-9683-8d8fd1d374ef','4028a1cd4ee2d9d6014ee2df4c6a0007'),('0f1f71fe-fe7c-4a44-a952-4f08bf5aa990','05eef982-416f-4626-9e9f-84d1cf394444'),('0f1f71fe-fe7c-4a44-a952-4f08bf5aa990','4028a1c34ec2e5c8014ec2ec38cc0002'),('10d29bc9-78c1-4831-a21a-4fcfea7d87ce','4028a1c34ec2e5c8014ec2ebf8430001'),('18077bdb-8dd3-4aae-95a2-078c963f8416','4028a1cd4ee2d9d6014ee2df4c6a0000'),('1d47b054-003f-41e0-8ba3-5600f38653f8','4028a1cd4ee2d9d6014ee2df4c6a0003'),('1d47b054-003f-41e0-8ba3-5600f38653f8','4028a1cd4ee2d9d6014ee2df4c6a0008'),('25d3a062-5ca1-4203-8537-6a1cff351a8a','05eef982-416f-4626-9e9f-84d1cf394444'),('25d3a062-5ca1-4203-8537-6a1cff351a8a','4028a1c34ec2e5c8014ec2ebf8430001'),('40a58e0c-e6ee-47e9-bdb6-0b90a8b41a68','05eef982-416f-4626-9e9f-84d1cf394444'),('40a58e0c-e6ee-47e9-bdb6-0b90a8b41a68','4028a1c34ec2e5c8014ec2ebf8430001'),('424b2d01-d812-4f30-be40-dcda14110118','4028a1cd4ee2d9d6014ee2df4c6a0007'),('48399da8-9de8-4de1-8d4a-e466c0c19bec','05eef982-416f-4626-9e9f-84d1cf394444'),('5e861aad-cde2-4e6a-8d96-d1634772c584','4028a1c34ec2e5c8014ec2ec38cc0002'),('5e861aad-cde2-4e6a-8d96-d1634772c584','4028a1cd4ee2d9d6014ee2df4c6a0004'),('5f6ba59b-f185-4c8a-9caa-99cba5963cdb','4028a1c34ec2e5c8014ec2ec38cc0002'),('6424df15-963c-4218-8371-6ad000ef5a5a','4028a1c34ec2e5c8014ec2ebf8430001'),('6764e5a1-45e5-4229-a72a-7c5d72209b15','4028a1c34ec2e5c8014ec2ebf8430001'),('6bbf3016-54ab-4ab2-b0d3-2d6622ac17eb','4028a1c34ec2e5c8014ec2ebf8430001'),('71a5a695-0ba5-4f0d-a0b5-0a304efde944','4028a1cd4ee2d9d6014ee2df4c6a0007'),('7a02a732-f5b5-4a9e-8e40-2e04d0fc66e5','4028a1c34ec2e5c8014ec2ebf8430001'),('84b4a1c0-fb52-4fd5-b410-5db1c933d146','4028a1c34ec2e5c8014ec2ebf8430001'),('8fe436ac-87e9-4d35-a3a4-0eb33cae6c86','4028a1c34ec2e5c8014ec2ebf8430001'),('9fe270f8-f682-4126-92aa-604d945c95f1','4028a1cd4ee2d9d6014ee2df4c6a0000'),('b11c3da4-4760-4f4f-9913-78f7749ffcf9','4028a1cd4ee2d9d6014ee2df4c6a0007'),('b891b14b-1316-4a79-8b88-695be1e3f42f','4028a1cd4ee2d9d6014ee2df4c6a0007'),('c9a4973e-8daa-4380-a9ec-599410d6fd6b','4028a1c34ec2e5c8014ec2ebf8430001'),('ca592c7c-860a-464c-8f56-ea51b42a046f','4028a1c34ec2e5c8014ec2ebf8430001'),('cf0015d3-bcdd-433b-889d-808b53b72640','4028a1c34ec2e5c8014ec2ec38cc0002'),('e0de22fe-2c50-4216-ad75-ed0494d2dc92','4028a1c34ec2e5c8014ec2ebf8430001'),('e0de22fe-2c50-4216-ad75-ed0494d2dc92','4028a1cd4ee2d9d6014ee2df4c6a0007'),('e2fc5d41-2733-4c8a-88a6-6dbad214d47e','4028a1c34ec2e5c8014ec2ebf8430001'),('e2fc5d41-2733-4c8a-88a6-6dbad214d47e','4028a1c34ec2e5c8014ec2ec38cc0002'),('faa59d6e-2e04-4972-bd4f-fd946ba38b99','4028a1c34ec2e5c8014ec2ebf8430001');

/*Table structure for table `pe_user` */

DROP TABLE IF EXISTS `pe_user`;

CREATE TABLE `pe_user` (
  `user_id` varchar(40) NOT NULL,
  `dept_id` varchar(40) DEFAULT NULL,
  `email` varchar(60) DEFAULT NULL,
  `user_name` varchar(50) DEFAULT NULL COMMENT '不能重复,可为中文',
  `station` varchar(20) DEFAULT NULL,
  `password` varchar(64) DEFAULT NULL COMMENT 'shiro MD5密码32位',
  `state` decimal(11,0) DEFAULT NULL COMMENT '1启用0停用',
  `company_id` varchar(40) DEFAULT NULL,
  `company_name` varchar(40) DEFAULT NULL,
  `dept_name` varchar(40) DEFAULT NULL,
  `manager_id` varchar(40) DEFAULT NULL,
  `gender` char(1) DEFAULT NULL,
  `telephone` varchar(11) DEFAULT NULL,
  `birthday` varchar(20) DEFAULT NULL,
  `degree` int(2) DEFAULT NULL,
  `salary` decimal(10,0) DEFAULT NULL,
  `join_date` varchar(20) DEFAULT NULL,
  `order_no` int(3) DEFAULT NULL,
  `create_by` varchar(40) DEFAULT NULL COMMENT '登录人编号',
  `create_dempt` varchar(40) DEFAULT NULL COMMENT '登录人所属部门编号',
  `create_time` datetime DEFAULT NULL,
  `update_by` varchar(40) DEFAULT NULL,
  `update_time` datetime DEFAULT NULL,
  `remark` varchar(255) DEFAULT NULL,
  PRIMARY KEY (`user_id`),
  KEY `SYS_C005467` (`dept_id`),
  CONSTRAINT `SYS_C005467` FOREIGN KEY (`dept_id`) REFERENCES `pe_dept` (`dept_id`)
) ENGINE=InnoDB DEFAULT CHARSET=utf8;

/*Data for the table `pe_user` */

insert  into `pe_user`(`user_id`,`dept_id`,`email`,`user_name`,`station`,`password`,`state`,`company_id`,`company_name`,`dept_name`,`manager_id`,`gender`,`telephone`,`birthday`,`degree`,`salary`,`join_date`,`order_no`,`create_by`,`create_dempt`,`create_time`,`update_by`,`update_time`,`remark`) values ('002108e2-9a10-4510-9683-8d8fd1d374ef','4028827c4fb6202a014fb6209c730000','lw@export.com','老王','员工','72a7dc98f2ce9f5312a7267d88c965d1','1','1','传智播客','总裁办',NULL,'0','1234567891','1989-01-06',1,'2000','2019-02-26',1,NULL,NULL,'2015-10-18 17:00:53',NULL,'2015-10-18 17:00:53','貌美如花'),('0f1f71fe-fe7c-4a44-a952-4f08bf5aa990','100101101','xiaoer@export.com','小二','员工','359c4cd72b2c243b64371da49ef82d75','1','1','传智播客教育股份有限公司','顺义事业部',NULL,'1','13800138001','1992-03-16',4,'2000','2010-05-06',1,NULL,NULL,'2018-01-02 16:02:41',NULL,'1970-01-01 08:00:00','1'),('10d29bc9-78c1-4831-a21a-4fcfea7d87ce','aeb1c7d3-9a54-4f73-b0ec-0325b83aef45','cy002@export.com','cy002','员工','36e167b32297d5e0d40339640624ba3e','1','1','传智播客教育股份有限公司','船运部',NULL,'0','13800138002','1990-05-19',4,'5000','2010-05-06',2,NULL,NULL,'2018-02-06 18:37:22',NULL,'1970-01-01 08:00:00','2'),('18077bdb-8dd3-4aae-95a2-078c963f8416','4028827c4fb6202a014fb6209c730000','lisi@export.com','李四','经理','5e582f08ffaef00f984bbe611e121a19','1','1','传智播客教育股份有限公司','总裁办',NULL,'0','13800138003','1984-02-26',4,'5000','',NULL,NULL,NULL,'2015-09-24 00:41:12',NULL,'2015-09-24 00:14:23',''),('1d47b054-003f-41e0-8ba3-5600f38653f8','3d00290a-1af0-4c28-853e-29fbf96a2722','huamulan@export.com','花木兰','市场经理','59fe271f9d6719000a8f2af97af38b6c','1','1','传智播客教育股份有限公司','市场部',NULL,'0','13800138004','1988-12-30',4,'5000','',NULL,NULL,NULL,'2017-12-31 11:08:19',NULL,'1970-01-01 08:00:00',''),('25d3a062-5ca1-4203-8537-6a1cff351a8a','ff808081613b858301613b8586c60000','jack@itheima.com','jack@itheima.com','权限测试用户','02f120a405a75528c7003e2eecd71324','1','1','传智播客教育股份有限公司','黑马程序员1',NULL,'0','12345','2019-08-06',2,'123','2019-7-5 10:53:37',1,NULL,NULL,NULL,NULL,NULL,'测试权限角色'),('40a58e0c-e6ee-47e9-bdb6-0b90a8b41a68','100101101','laoda@export.com','老大','员工','943035c4ef1691542dce6db6b3f68a27','1','1','传智播客教育股份有限公司','顺义事业部',NULL,'1','13800138005','1987-11-21',3,'5000','',NULL,NULL,NULL,'2018-01-02 16:03:48',NULL,'1970-01-01 08:00:00',''),('424b2d01-d812-4f30-be40-dcda14110118','4028827c4fb6202a014fb6209c730000','J0724@export.com','J0724','助理','655fa85f01e03692a11da5ff8575d447','1','1','传智播客教育股份有限公司','总裁办',NULL,'1','13800138006','1986-09-09',4,'3500','',NULL,NULL,NULL,'2015-10-21 10:47:24',NULL,'2015-10-21 10:47:24',''),('48399da8-9de8-4de1-8d4a-e466c0c19bec','100','laoli@export.com','老李','开发','8e0be131a1977d82fd15e932c1877575','1','1','传智播客教育股份有限公司','商贸集团',NULL,'0','123456','2019-08-13',2,'9000','2019-07-02',1,NULL,NULL,NULL,NULL,NULL,'111'),('5e861aad-cde2-4e6a-8d96-d1634772c584','100','admin@itcast.cn','黑马测试','开发','123','1','1','传智播客','商贸集团',NULL,'1','18435466873','2019-08-26',2,'5000','2019-07-29',1,NULL,NULL,NULL,NULL,NULL,''),('5f6ba59b-f185-4c8a-9caa-99cba5963cdb','aeb1c7d3-9a54-4f73-b0ec-0325b83aef45','cyboos@export.com','cyboos','副总经理','2e124d1f66b49df7b76ffab38c30b380','1','1','传智播客教育股份有限公司','船运部',NULL,'1','13800138007','1989-01-06',4,'4000','',NULL,NULL,NULL,'2018-02-06 18:38:32',NULL,'1970-01-01 08:00:00',''),('6424df15-963c-4218-8371-6ad000ef5a5a','aeb1c7d3-9a54-4f73-b0ec-0325b83aef45','OOP@export.com','OOP','员工','029b2816925dd87a0b8cc8904613d2d4','1','1','传智播客教育股份有限公司','船运部',NULL,'1','13800138008','1989-01-06',4,'12000','',NULL,NULL,NULL,'2016-11-03 10:26:33',NULL,'1970-01-01 08:00:00',''),('6764e5a1-45e5-4229-a72a-7c5d72209b15','aeb1c7d3-9a54-4f73-b0ec-0325b83aef45','AOP@export.com','AOP','员工','47f9644ed1a661c40a3eaeaba8fa83de','1','1','传智播客教育股份有限公司','船运部',NULL,'1','13800138009','1989-01-06',4,'10000','',NULL,NULL,NULL,'2016-11-03 10:27:16',NULL,'1970-01-01 08:00:00',''),('677f58a8-d8c8-4ff5-b9b9-d3df141f7329','97f88a8c-90fc-4d52-aed7-2046f62fb498','mxl@export.com','mxl','总经理','b69165df0f85d41156983b7e43b2b45b','1','1','传智播客教育股份有限公司','总经办',NULL,'1','13800138010','1989-01-06',4,'5000','',NULL,NULL,NULL,'2016-12-06 10:37:57',NULL,'1970-01-01 08:00:00',''),('6bbf3016-54ab-4ab2-b0d3-2d6622ac17eb','100101','bj001@export.com','bj001','','a2675d56cf78781f4f836b67172d6345','1','1','传智播客教育股份有限公司','北京事业部',NULL,'1','13800138011','1989-01-06',4,'5000','',NULL,NULL,NULL,'2018-01-03 16:16:10',NULL,'1970-01-01 08:00:00',''),('71a5a695-0ba5-4f0d-a0b5-0a304efde944','4028827c4fb6202a014fb6209c730000','J0723@export.com','J0723','员工','396cae50b3da868baf37f71ee95c921c','1','1','传智播客教育股份有限公司','总裁办',NULL,'1','13800138012','1989-01-06',4,'15000','',NULL,NULL,NULL,'2015-10-21 10:46:29',NULL,'2015-10-21 10:46:29',''),('735730bf-3ac0-4690-882d-100178d58ff9','100','zbz@export.com','zbz','秘书','5f4849b40ccc3d8e39c61cd7b589a0cb','1','1','传智播客教育股份有限公司','商贸集团',NULL,'1','13800138013','1989-01-06',4,'3000','',NULL,NULL,NULL,'2017-03-11 11:51:18',NULL,'1970-01-01 08:00:00',''),('76c3edc0-ba8d-4637-a5b3-b24e7ac63a3b','100','ceshi@itheima.com','密码测试用户','开发','1b4493d03a54987c286f6dfb92631993','1','1','传智播客教育股份有限公司','商贸集团',NULL,'1','12312312389','2019-07-10',4,'5000','2019-08-12',1,NULL,NULL,NULL,NULL,NULL,'密码测试角色'),('7a02a732-f5b5-4a9e-8e40-2e04d0fc66e5','aeb1c7d3-9a54-4f73-b0ec-0325b83aef45','cy001@export.com','cy001','','353ba070f5bf66c9f4dae3799c889f16','1','1','传智播客教育股份有限公司','船运部',NULL,'0','13800138014','1989-01-06',4,'5000','',NULL,NULL,NULL,'2018-02-06 18:36:43',NULL,'1970-01-01 08:00:00',''),('7abc4bdf-8c15-4592-bd2a-2bd64121560e','ff808081613b858301613b8586c60000','rose@itheima.com','普通管理','系统管理','123456','1','','SAAS企业','黑马程序员1',NULL,'0','123','2019-07-02',1,'123','2019-06-06',NULL,NULL,NULL,NULL,NULL,NULL,''),('84b4a1c0-fb52-4fd5-b410-5db1c933d146','100101101','sy001@export.com','sy001','员工','d943722276ef1cd9a01ae156e5590a2f','1','1','传智播客教育股份有限公司','顺义事业部',NULL,'0','13800138015','1989-01-06',4,'5000','',NULL,NULL,NULL,'2018-01-03 16:17:39',NULL,'1970-01-01 08:00:00',''),('8fe436ac-87e9-4d35-a3a4-0eb33cae6c86','3d00290a-1af0-4c28-853e-29fbf96a2722','liufx@export.com','liufx','员工','d9b4219aafb664e1a47053b1d9c053ca','1','1','传智播客教育股份有限公司','市场部',NULL,'0','13800138016','1989-01-06',4,'5000','',NULL,NULL,NULL,'2016-10-31 11:36:24',NULL,'1970-01-01 08:00:00',''),('9fe270f8-f682-4126-92aa-604d945c95f1','4028827c4fb6202a014fb6209c730000','zhangsan@export.com','zhangsan','','b309e4296ed2f6003e8fc8f5d6b390ef','1','','SAAS企业','',NULL,'0','13800138017','1989-01-06',0,'5000','',0,NULL,NULL,'2015-09-24 00:41:00',NULL,'2015-09-24 00:13:40',''),('b11c3da4-4760-4f4f-9913-78f7749ffcf9','4028827c4fb6202a014fb6209c730000','J0725@export.com','J0725','员工','ee029a30db22bfef15ec6404abf24df1','1','1','传智播客教育股份有限公司','总裁办',NULL,'1','13800138018','1989-01-06',4,'5000','',NULL,NULL,NULL,'2015-10-21 10:48:11',NULL,'2015-10-21 10:48:11',''),('b891b14b-1316-4a79-8b88-695be1e3f42f','4028827c4fb6202a014fb6209c730000','aj@export.com','aj','','204bf04d928f4fc8743f326f04046ccf','1','1','传智播客教育股份有限公司','总裁办',NULL,'1','13800138019','1989-01-06',4,'5000','',NULL,NULL,NULL,'2015-09-24 11:37:10',NULL,'2015-09-24 11:37:10',''),('c9a4973e-8daa-4380-a9ec-599410d6fd6b','100101101','xiaosan@export.com','xiaosan','员工','c16b2ba0003f0b7867489a646c880f34','1','1','传智播客教育股份有限公司','顺义事业部',NULL,'1','13800138020','1989-01-06',4,'5000','',NULL,NULL,NULL,'2018-01-02 16:03:21',NULL,'1970-01-01 08:00:00',''),('ca592c7c-860a-464c-8f56-ea51b42a046f','3d00290a-1af0-4c28-853e-29fbf96a2722','baitu@export.com','baitu','','3dde9a0d159ede0f0ac5aa1f9156f7e6','1','1','传智播客教育股份有限公司','市场部',NULL,'1','13800138021','1977-11-09',4,'5000','',NULL,NULL,NULL,'2018-02-03 12:28:35',NULL,'1970-01-01 08:00:00',''),('cf0015d3-bcdd-433b-889d-808b53b72640','100','mz@export.com','马总','总经理','c5afde1623b313b8dea3aa3033f319bc','1','1','传智播客教育股份有限公司','商贸集团',NULL,'1','13800138022','1984-08-13',4,'5000','',NULL,NULL,NULL,'2016-12-06 11:35:25',NULL,'1970-01-01 08:00:00',''),('e0de22fe-2c50-4216-ad75-ed0494d2dc92','4028827c4fb6202a014fb6209c730000','cgx@export.com','cgx','','d244cf08243d25b2855665d8f833916f','1','1','传智播客教育股份有限公司','总裁办',NULL,'1','13800138023','1979-11-16',4,'5000','',NULL,NULL,NULL,'2015-09-24 11:43:02',NULL,'2015-09-24 11:39:47',''),('e2fc5d41-2733-4c8a-88a6-6dbad214d47e','aeb1c7d3-9a54-4f73-b0ec-0325b83aef45','SOA@export.com','SOA','员工','26ca5931261f9335a27a46c7fc9fb1e5','1','1','传智播客教育股份有限公司','船运部',NULL,'1','13800138024','1990-11-06',4,'5000','',NULL,NULL,NULL,'2016-11-03 10:28:01',NULL,'1970-01-01 08:00:00',''),('ef1f631d-76c8-4837-9ad9-f5f6209e4463','100','ylj@export.com','ylj','员工','d69e7d950529fbf6f846da41a9d3dd88','1','1','传智播客教育股份有限公司','商贸集团',NULL,'1','13800138025','1988-07-26',4,'5000','',NULL,NULL,NULL,'2016-11-18 11:12:53',NULL,'1970-01-01 08:00:00',''),('faa59d6e-2e04-4972-bd4f-fd946ba38b99','100101','bj002@export.com','bj002','','0b02be90bd07b3c0551b02b4f5ad2c30','1','1','传智播客教育股份有限公司','北京事业部',NULL,'1','13800138026','1984-02-16',4,'5000','',NULL,NULL,NULL,'2018-01-03 16:16:55',NULL,'1970-01-01 08:00:00','');

/*Table structure for table `ss_company` */

DROP TABLE IF EXISTS `ss_company`;

CREATE TABLE `ss_company` (
  `id` varchar(40) NOT NULL COMMENT 'ID',
  `name` varchar(255) DEFAULT NULL COMMENT '公司名称',
  `expiration_date` datetime DEFAULT NULL COMMENT '到期时间',
  `address` varchar(255) DEFAULT NULL COMMENT '公司地址',
  `license_id` varchar(255) DEFAULT NULL COMMENT '营业执照-图片',
  `representative` varchar(255) DEFAULT NULL COMMENT '法人代表',
  `phone` varchar(255) DEFAULT NULL COMMENT '公司电话',
  `company_size` varchar(255) DEFAULT NULL COMMENT '公司规模',
  `industry` varchar(255) DEFAULT NULL COMMENT '所属行业',
  `remarks` varchar(255) DEFAULT NULL COMMENT '备注',
  `state` int(2) DEFAULT '1' COMMENT '状态',
  `balance` double DEFAULT NULL COMMENT '当前余额',
  `city` varchar(20) DEFAULT NULL,
  PRIMARY KEY (`id`)
) ENGINE=InnoDB DEFAULT CHARSET=utf8mb4;

/*Data for the table `ss_company` */

insert  into `ss_company`(`id`,`name`,`expiration_date`,`address`,`license_id`,`representative`,`phone`,`company_size`,`industry`,`remarks`,`state`,`balance`,`city`) values ('1','传智播客教育股份有限公司','2019-09-05 14:46:59','江苏沐阳','xxx001','张三','110','100人以上','教育','教育机构',1,6,'北京'),('23615be7-6d07-4088-b378-595b2361e27c','山西太原硬汉科技股份有限公司','2019-09-09 14:47:03','山西省太原市小店区','2','2','2','2','2','2',0,2,'2'),('3','山西瑞创达科技有限公司','2019-09-15 14:23:32','山西太原','4','李志玲','18435111994','百人团队','互联网','物联网保险项目',2,2000,'山西朔州'),('3067f5b6-8557-4f20-81cf-5e6e1ad114d4',NULL,NULL,NULL,NULL,NULL,NULL,NULL,NULL,NULL,0,0,NULL),('38989ae7-83f8-4b9c-88b9-479669b84f34','山西大同MC辣辣Rap有限公司','2019-07-18 14:47:10','山西大同','4','4','4','4','4','4',1,4,'4'),('539deb65-4f6f-4077-b2e4-c4a5791b3340','山西省运城市闻喜煮饼有限公司','2019-09-17 14:47:07','山西运城闻喜','3','3','3','3','3','3',0,3,'3'),('6c4af1ac06b4126713603651d997780a','山西省运城市稷山麻花有限公司',NULL,'山西运城稷山',NULL,NULL,NULL,NULL,NULL,NULL,1,NULL,NULL),('f9b5f4af-34b6-4009-8ec0-db6e68301770',NULL,NULL,NULL,NULL,NULL,NULL,NULL,NULL,NULL,0,0,NULL);

/*Table structure for table `ss_module` */

DROP TABLE IF EXISTS `ss_module`;

CREATE TABLE `ss_module` (
  `module_id` varchar(40) NOT NULL,
  `parent_id` varchar(40) DEFAULT NULL,
  `parent_name` varchar(100) DEFAULT NULL,
  `name` varchar(100) DEFAULT NULL,
  `layer_num` decimal(11,0) DEFAULT NULL,
  `is_leaf` decimal(11,0) DEFAULT NULL,
  `ico` varchar(20) DEFAULT NULL,
  `cpermission` varchar(20) DEFAULT NULL,
  `curl` varchar(200) DEFAULT NULL,
  `ctype` decimal(11,0) DEFAULT NULL COMMENT '0 主菜单/1 左侧菜单/2按钮/3 链接/4 状态',
  `state` decimal(11,0) DEFAULT NULL COMMENT '1启用0停用',
  `belong` varchar(100) DEFAULT NULL COMMENT '按钮时，可以标识其归属，\\n            查询某页面按钮时就用此属性查询',
  `cwhich` varchar(20) DEFAULT NULL,
  `quote_num` decimal(11,0) DEFAULT NULL,
  `remark` varchar(100) DEFAULT NULL,
  `order_no` decimal(11,0) DEFAULT NULL,
  PRIMARY KEY (`module_id`)
) ENGINE=InnoDB DEFAULT CHARSET=utf8;

/*Data for the table `ss_module` */

insert  into `ss_module`(`module_id`,`parent_id`,`parent_name`,`name`,`layer_num`,`is_leaf`,`ico`,`cpermission`,`curl`,`ctype`,`state`,`belong`,`cwhich`,`quote_num`,`remark`,`order_no`) values ('182104f0-7690-4a84-a90c-16d24e491a3a','5','系统管理','日志管理',NULL,NULL,NULL,'日志管理','system/log/list.do','1','1','1',NULL,NULL,'',NULL),('2',NULL,NULL,'货运管理','1','0',NULL,'货运管理','cargo','0','1','1',NULL,NULL,'cargo','2'),('201','2','货运管理','购销合同',NULL,NULL,NULL,'购销合同','cargo/contract/list.do','1','1','1',NULL,NULL,'cargo','9'),('202','2','货运管理','出货表',NULL,NULL,NULL,'出货表','cargo/contract/print.do','1','1','1',NULL,NULL,'cargo','10'),('203','2','货运管理','合同管理','2','0',NULL,'合同管理','cargo/export/contractList.do','1','1','1',NULL,NULL,'cargo','11'),('204','2','货运管理','出口报运',NULL,NULL,NULL,'出口报运','cargo/export/list.do','1','1','1',NULL,NULL,'cargo','12'),('205','2','货运管理','装箱管理',NULL,NULL,NULL,'装箱管理','cargo/packing/list.do','1','1','1',NULL,NULL,'cargo','22'),('206','2','货运管理','委托管理',NULL,NULL,NULL,'委托管理','cargo/shipping/list.do','1','1','1',NULL,NULL,'cargo','23'),('207','2','货运管理','发票管理',NULL,NULL,NULL,'发票管理','cargo/invoice/list.do','1','1','1',NULL,NULL,'cargo','24'),('208','2','货运管理','财务管理',NULL,NULL,NULL,'财务管理','cargo/finance/list.do','1','1','1',NULL,NULL,'cargo','25'),('3',NULL,NULL,'统计分析','1','0',NULL,'统计分析','stat','0','1','1',NULL,NULL,'stat','3'),('301','3','统计分析','生产厂家销售情况',NULL,NULL,NULL,'生产厂家销售情况','stat/toCharts.do?chartsType=factory','1','1','1',NULL,NULL,'stat','13'),('302','3','统计分析','产品销售排行',NULL,NULL,NULL,'产品销售排行','stat/toCharts.do?chartsType=sell','1','1','1',NULL,NULL,'stat','14'),('303','3','统计分析','系统访问压力图',NULL,NULL,NULL,'系统访问压力图','stat/toCharts.do?chartsType=online','1','1','1',NULL,NULL,'stat','15'),('4',NULL,NULL,'基础信息','1','0',NULL,'基础信息','baseinfo','0','1','1',NULL,NULL,'baseinfo','4'),('401','4','基础信息','厂家信息','2','0',NULL,'厂家信息','baseinfo/factory/list.do','1','1','1',NULL,NULL,'baseinfo','17'),('402','4','基础信息','产品管理','2','0',NULL,'产品管理','baseinfo/product/list.do','1','1','1',NULL,NULL,'baseinfo','16'),('403','4','基础信息','附件管理','2','0',NULL,'附件管理','baseinfo/ext/list.do','1','1','1',NULL,NULL,'baseinfo','26'),('404','4','基础信息','货物市场统计','2','0',NULL,'货物市场统计','baseinfo/report-product.do','1','1','1',NULL,NULL,'baseinfo','27'),('405','4','基础信息','附件市场统计','2','0',NULL,'附件市场统计','baseinfo/report-extProduct.do','1','1','1',NULL,NULL,'baseinfo','28'),('5',NULL,NULL,'系统管理','1','0',NULL,'系统管理','sysadmin','0','1','1',NULL,NULL,'sysadmin','5'),('501','5','系统管理','部门管理','2','0',NULL,'部门管理','system/dept/list.do','1','1','1',NULL,NULL,'sysadmin','18'),('50101','501','部门管理','查看部门','3','1',NULL,'查看部门','sysadmin/deptAction_toview','2','1','1',NULL,NULL,'sysadmin','1801'),('50102','501','部门管理','新增部门','3','1',NULL,'新增部门','sysadmin/deptAction_tocreate','2','1','1',NULL,NULL,'sysadmin','1802'),('50103','501','部门管理','修改部门','3','1',NULL,'修改部门','sysadmin/deptAction_toupdate','2','1','1',NULL,NULL,'sysadmin','1803'),('50104','501','部门管理','删除部门','3','1',NULL,'删除部门','sysadmin/deptAction_delete','2','1','1',NULL,NULL,'sysadmin','1804'),('502','5','系统管理','用户管理','2','0',NULL,'用户管理','system/user/list.do','1','1','1',NULL,NULL,'sysadmin','19'),('503','5','系统管理','角色管理','2','0',NULL,'角色管理','system/role/list.do','1','1','1',NULL,NULL,'sysadmin','20'),('8842b580-49c0-4871-b234-5cf9c721a507','ad3be6e7-551f-45b6-b816-b2b751e204ed','SaaS管理','模块管理',NULL,NULL,NULL,'模块管理','system/module/list.do','1','1','0',NULL,NULL,'',NULL),('9c5eb9b0-54a4-48bb-aab4-0d1d46cdfbbd','ad3be6e7-551f-45b6-b816-b2b751e204ed','SaaS管理','企业管理',NULL,NULL,NULL,'企业管理','company/list.do','1','1','0',NULL,NULL,'',NULL),('ad3be6e7-551f-45b6-b816-b2b751e204ed','','','SaaS管理',NULL,NULL,NULL,'SaaS管理','','0','1','0',NULL,NULL,'',NULL);

/*Table structure for table `st_online_info` */

DROP TABLE IF EXISTS `st_online_info`;

CREATE TABLE `st_online_info` (
  `A1` char(2) DEFAULT NULL
) ENGINE=InnoDB DEFAULT CHARSET=utf8;

/*Data for the table `st_online_info` */

insert  into `st_online_info`(`A1`) values ('00'),('01'),('02'),('03'),('04'),('05'),('06'),('07'),('08'),('09'),('10'),('11'),('12'),('13'),('14'),('15'),('16'),('17'),('18'),('19'),('20'),('21'),('22'),('23');

/*Table structure for table `st_sys_log` */

DROP TABLE IF EXISTS `st_sys_log`;

CREATE TABLE `st_sys_log` (
  `id` varchar(40) NOT NULL,
  `user_name` varchar(30) DEFAULT NULL,
  `ip` varchar(20) DEFAULT NULL,
  `time` datetime DEFAULT NULL,
  `method` varchar(40) DEFAULT NULL,
  `action` varchar(40) DEFAULT NULL,
  `company_id` varchar(40) DEFAULT NULL,
  `company_name` varchar(40) DEFAULT NULL,
  PRIMARY KEY (`id`)
) ENGINE=InnoDB DEFAULT CHARSET=utf8;

/*Data for the table `st_sys_log` */

insert  into `st_sys_log`(`id`,`user_name`,`ip`,`time`,`method`,`action`,`company_id`,`company_name`) values ('1137fd99-4e03-453c-af79-b43d861e9c5a','老王','0:0:0:0:0:0:0:1','2019-11-21 17:46:06','login','','1','传智播客'),('11d61023-1f7a-4631-98f0-e085162f4ab7','老王','0:0:0:0:0:0:0:1','2019-11-21 17:49:10','login','','1','传智播客'),('1be56934-6114-4ab1-b46b-126bdd6d29d8','老王','0:0:0:0:0:0:0:1','2019-11-21 15:25:09','toHomePage','','1','传智播客'),('23d063c2-8b61-4fd8-85b7-917052de03ee',NULL,'0:0:0:0:0:0:0:1','2019-11-22 09:07:39','login','',NULL,NULL),('26385f92-e347-4e2b-8eb6-02965e1bfff6',NULL,'0:0:0:0:0:0:0:1','2019-11-21 15:19:31','list','分页查询部门列表',NULL,NULL),('292d3eac-0964-4744-98a3-940dc0b77a02',NULL,'0:0:0:0:0:0:0:1','2019-11-21 15:19:10','list','分页查询部门列表',NULL,NULL),('32bfce0e-1852-4a72-b3d5-83ca7f2de80d',NULL,'0:0:0:0:0:0:0:1','2019-11-21 17:45:51','login','',NULL,NULL),('449f349c-ecca-4300-9de5-5df96a46be51','老王','0:0:0:0:0:0:0:1','2019-11-21 17:48:57','login','','1','传智播客'),('44bb77d1-4de4-4418-9cae-744aa20af7e7','老王','0:0:0:0:0:0:0:1','2019-11-22 09:08:30','toHomePage','','1','传智播客'),('53a6dc98-378a-42dd-984e-ab6873d5b9aa','老王','0:0:0:0:0:0:0:1','2019-11-21 15:25:32','list','分页查询所有的日志信息','1','传智播客'),('5716fa7a-f983-4bab-8d2f-81caddc316db',NULL,'0:0:0:0:0:0:0:1','2019-11-21 15:24:17','login','',NULL,NULL),('66fe4630-fe3e-4813-b6c4-3f175825f910',NULL,'0:0:0:0:0:0:0:1','2019-11-21 15:19:31','list','分页查询所有角色信息',NULL,NULL),('67c0036e-1eea-4c08-a29b-bf90ee06a276',NULL,'0:0:0:0:0:0:0:1','2019-11-21 18:04:42','login','',NULL,NULL),('681317cc-5f35-4bd4-8980-178ef544048b','老王','0:0:0:0:0:0:0:1','2019-11-21 17:48:51','login','','1','传智播客'),('6a0de45a-8994-4436-a11a-4d40616f637e','老王','0:0:0:0:0:0:0:1','2019-11-21 15:25:28','list','分页查询部门列表','1','传智播客'),('7d0194a1-98d0-400e-baf6-b99004b1c128',NULL,'0:0:0:0:0:0:0:1','2019-11-21 15:21:32','toHomePage','',NULL,NULL),('8500b0fe-c9dc-4db6-bf94-fc52ad436b69','老王','0:0:0:0:0:0:0:1','2019-11-21 15:25:31','list','分页查询所有角色信息','1','传智播客'),('8bc69d87-619a-4266-9eda-003d0132c09c',NULL,'0:0:0:0:0:0:0:1','2019-11-21 18:04:28','login','',NULL,NULL),('a0779f49-fba4-4122-83bb-7bc212569225','老王','0:0:0:0:0:0:0:1','2019-11-21 15:25:24','list','分页查询所有的日志信息','1','传智播客'),('a0df3c66-ec98-4969-bfef-0fc3a3d63cb4','老王','0:0:0:0:0:0:0:1','2019-11-21 15:25:30','list','分页查询所有角色信息','1','传智播客'),('a4297ac1-d6df-4e60-933b-db03fb084262',NULL,'0:0:0:0:0:0:0:1','2019-11-22 09:03:55','login','',NULL,NULL),('a5f0cbed-1cb9-4077-8c1d-667708c3be68',NULL,'0:0:0:0:0:0:0:1','2019-11-21 17:52:23','login','',NULL,NULL),('ae79c6e2-e456-44ab-ba82-044f2a81a0df',NULL,'0:0:0:0:0:0:0:1','2019-11-21 15:19:10','list','分页查询用户信息',NULL,NULL),('cbdf1178-5931-4938-a90a-0708e9ae93fa',NULL,'0:0:0:0:0:0:0:1','2019-11-21 15:16:50','login','',NULL,NULL),('d3a77129-3fbc-4c14-89e6-5d2565df2c9f','老王','0:0:0:0:0:0:0:1','2019-11-22 11:31:18','toHomePage','','1','传智播客'),('e4fe4922-2f81-4a1a-820a-e03bb59e2d12','老王','0:0:0:0:0:0:0:1','2019-11-21 15:25:29','list','分页查询用户信息','1','传智播客'),('ece9616d-4857-44c1-b9ae-55114b75947d','老王','0:0:0:0:0:0:0:1','2019-11-21 15:25:31','list','分页查询用户信息','1','传智播客'),('f36ba911-cc81-4758-8019-e61e6c389d97',NULL,'0:0:0:0:0:0:0:1','2019-11-21 18:08:51','login','',NULL,NULL),('fa9d3f2a-cd85-41f5-ac13-e684cddb223e',NULL,'0:0:0:0:0:0:0:1','2019-11-22 11:31:12','login','',NULL,NULL);

/*!40101 SET SQL_MODE=@OLD_SQL_MODE */;
/*!40014 SET FOREIGN_KEY_CHECKS=@OLD_FOREIGN_KEY_CHECKS */;
/*!40014 SET UNIQUE_CHECKS=@OLD_UNIQUE_CHECKS */;
/*!40111 SET SQL_NOTES=@OLD_SQL_NOTES */;
